name,age,street,city,state,zip,lng,lat
Steven Kim,41,67351 Rice Streets Suite 803,South Brookehaven,MI,24529,55.593516,11.4970045
Stephanie Orozco,58,53244 Katherine Islands,Watkinsport,IN,44322,120.113903,-89.7367175
James Morgan,90,14473 Melissa Lights,New Taraville,MO,06352,161.112300,25.791081
Jacqueline Schwartz,44,920 Brett Cliffs,South Victorbury,ND,81406,91.769258,-67.6636265
Mark Weiss,45,6092 Lauren Loop,Kathyview,MS,10195,94.643380,1.6803915
Joseph Hester,67,94460 Morrow Ways Apt. 715,Lorimouth,TN,55764,-169.436471,48.8993705
Jennifer Frey,18,66050 Flynn Street,New Racheltown,ND,17876,72.200150,13.0090195
Aimee Jenkins,21,512 Courtney Roads,Kellyland,ID,68088,57.924445,-25.3470815
Robert Clark,54,8259 Michelle Landing Suite 822,Luisland,WY,35715,171.230934,-51.3837875
Thomas Cain,67,812 Arias Fort Apt. 216,Ruizfurt,AR,01776,140.212106,-6.529240
Jerome Harvey,74,328 Richards Ramp Apt. 438,Ramirezmouth,AS,94163,54.051714,73.5769405
Chloe Burnett,21,74589 Melissa Mission,Johnsontown,FM,38156,81.963832,-17.0278005
Tony Stein,41,14132 Zachary Row,Morganton,IL,24694,-31.924209,-20.7015375
Sarah Palmer,74,75837 Luna Station Apt. 937,East Melanie,NE,12545,76.179435,-62.8353345
Renee Lee,69,9899 Eileen Ports Suite 377,Mariaburgh,CO,53473,-36.009492,74.0865895
Joshua Davis,56,746 Reyes Dale Suite 939,Smithmouth,MP,02773,-176.108357,45.278270
Nicholas Bennett,84,77859 Johnston Prairie,North Natalieside,NC,27383,-22.398129,22.1688445
Chad Edwards,22,11505 Linda Courts,West Cathy,SC,41591,-19.658646,12.1122825
Brett Moreno,56,775 Stacy Gateway,Port Davidville,VT,60094,-121.002146,39.074611
Anthony Morse,53,468 Sandoval Knolls,North John,HI,83261,-158.139665,55.0589895
Gloria Miller,55,7424 Jessica Cape Suite 118,Tylerbury,IL,47395,-127.753906,62.5289635
Marc Ware,82,06783 Hernandez Inlet Suite 450,New Elizabethburgh,HI,34498,125.750697,-60.6833775
Craig Ayala,87,4047 Rodriguez Lodge,North Tammymouth,AL,20803,178.200704,-47.3723795
Mr. Chad Miles,51,719 Hannah Ferry,South Jameshaven,IN,12308,56.767614,-84.666833
Alexander Gomez,29,8677 Garrett Unions,Lake Stephanie,NJ,58790,-122.674754,76.483675
Patricia West,79,236 Luna Port Apt. 059,West Suzanne,TX,59103,18.281036,-85.023940
Riley Bernard,52,665 Rhodes Circles Suite 005,Dawnland,MA,17024,-158.195948,-24.079443
Kevin Harper,66,2384 Jeremy Corner Suite 464,Charlesborough,GA,03925,-135.613337,-63.7065555
Amanda Thornton MD,73,9505 Price Alley,New Keith,MO,58859,-2.902038,-28.0547215
Russell Henry,30,1654 Ross Garden Suite 421,Mccartyport,IA,71992,-131.873221,84.6407325
Terry Bennett,23,3113 Marsh Square Apt. 740,Port Michael,UT,10907,19.633782,-61.7640625
Cory Reeves,33,877 Christensen Ville Apt. 760,Garrettchester,SC,99479,-93.130234,-76.7194475
Emily Hancock,49,7707 Alicia Square,New Jonathan,IL,41545,126.697778,-52.1205295
Robert Martinez,89,42867 Cynthia Hills,Parkerstad,NJ,38954,-62.306277,-38.6397455
Eric Clayton,41,84902 Joseph Mills Apt. 416,Matthewbury,SC,43822,-108.298837,48.454182
Dawn Hart,74,7738 Robin Gateway Suite 266,Dicksonhaven,ME,21098,78.987872,-45.3354185
David Evans,51,217 Cheryl Cape,Gonzaleztown,WA,96572,-154.145202,43.8778985
Heather Wilkerson,42,36393 Coleman Trail,West Ericberg,MH,79180,117.507145,-17.1016505
Jason Miller,59,299 Shane Isle,North Scott,NY,52854,-87.675220,-15.841779
Paul Thomas,68,22671 Charles Meadows,Danielsbury,AS,98032,49.061328,43.429400
Sean Taylor,30,0459 Nicholas Bypass Apt. 541,Shawnshire,MN,47227,90.513724,23.6393805
Richard Hayes,86,00355 Brian Pike Apt. 910,North Danielland,MD,37883,168.421224,88.979314
Michael Livingston,76,651 Duran Track Apt. 918,West Michael,RI,73963,127.494561,-25.880656
Natalie Jenkins,66,70541 Jones Prairie,Port Eric,WA,98588,-76.991364,-77.772556
Mary Adams,75,00832 Russell Villages,Travismouth,GA,30263,-103.126539,35.087593
Timothy Castillo,80,38413 Roberta Ways,Lake Bruce,IA,55476,-178.966343,-68.705809
Justin Guzman,71,491 Michael Prairie Suite 591,Jonesstad,IL,43285,32.489862,-61.226372
Tammy Johnson,60,9595 Mcconnell Passage Suite 082,North Vicki,DC,67779,-8.191553,33.4472935
Valerie Cross,89,888 Carlson Valleys,Port Nathanbury,MA,74288,-151.324007,63.0438475
Michael Duncan,31,2373 Richard Walks,East Valeriechester,KY,85757,-133.276169,-8.735395
Olivia Wilkerson,43,8884 William Corner Apt. 365,Flynnland,NM,47595,-27.403222,-61.1177055
Joseph Hall,71,8282 Allen Radial Suite 981,Haleyview,SC,28164,63.724374,-31.0697065
Lisa Allen,24,58526 Robert Mount Apt. 629,Sotoborough,MN,23602,62.833577,-49.581747
Lawrence Alexander,51,9991 Madeline Port,Lopeztown,TX,47863,-118.134623,48.1086665
Faith Boyd,82,8448 Schwartz Mall,Wardchester,CA,04122,108.800968,30.8583355
Joshua Martinez,30,92714 Carter Trafficway,Oneillfort,VI,59356,9.809336,72.957839
Kimberly Blake,77,8581 Sims Squares,Brandyborough,MN,04533,-37.469660,-22.459433
Zachary Roberts,20,15499 Gail Court Suite 005,Shellyton,GU,78696,-43.525426,-33.2737165
Michelle Humphrey,83,23832 Jennifer Walks Apt. 292,Brianton,KS,50173,-154.775474,82.754237
Mr. Daniel King,54,942 Marsh Dale Apt. 669,Michaelmouth,MS,40022,168.304540,30.360849
Gary Romero,51,2134 Lester Corner,Morrisberg,UT,01775,107.586866,67.6663825
Jenna Frey,58,6833 Victoria Isle Suite 508,Adrianfurt,FL,18424,-138.550949,24.2318365
Veronica Alexander,36,3692 Brandon Heights,Davidborough,GU,73443,152.732445,-56.4911845
Jill Davis,32,47252 Rhodes Branch,Hurleyfurt,PA,40104,23.637558,13.8133355
Jerome Vaughn,32,86534 Jennifer Garden,Allenfort,PA,37757,7.201011,-87.7839305
Erin Doyle,30,50925 Alexandra Field Apt. 464,Amandafurt,AS,81671,71.223003,-53.972882
Hannah Preston,22,216 Jones Walks,East Bryan,MS,07524,-168.695119,34.1054125
Jacqueline Brown DVM,85,9999 Jake Cliff,East Seanburgh,KY,69180,-179.714537,-36.767636
Andrew Jones,56,019 Dawn Branch Suite 914,Lake Edwinburgh,DE,18301,73.542621,5.031794
Michael Case,62,308 Joshua Junctions,New Katelyn,NY,84835,-27.510176,-75.0995045
Julia Nelson,36,9972 Christina Manors,Wallacemouth,GA,97648,67.483209,1.797111
Melissa Chandler,82,76502 Ronald Hills Suite 831,New Amy,GA,71056,162.838687,78.0314565
Curtis Mayo,59,471 Weiss Overpass Apt. 004,Lake Taylorshire,UT,44483,150.337709,-62.520699
Jessica Berry,54,75351 Joshua Trail,Hallmouth,MP,29352,111.294056,41.6661785
Angela Hunter,53,49489 Hudson Vista Suite 742,Raymondview,SD,27180,-96.343110,13.248744
Benjamin Caldwell,74,2854 Troy Park Apt. 846,Paulafort,NC,75557,78.736892,-15.6386545
Taylor Garcia,51,138 Huffman Mountain Apt. 219,Jackburgh,OH,86143,-152.623773,-13.016337
Dr. Eric Barr,22,93802 Edward Brook Suite 611,Jonathanville,WY,91730,-88.873792,5.2712775
Catherine Sandoval,20,675 Janice Mountain Suite 382,Brianstad,WI,11183,-157.713264,-6.3370445
Jose Brown,46,444 Eric Coves,Grantburgh,RI,55926,-84.499491,-0.4133035
Richard Stevens,86,01600 Michael Curve Apt. 936,New Sarah,PW,90104,124.258879,33.2050815
Lisa Hunt,60,34079 Brooks Pine Apt. 933,Dawnton,OR,77481,28.898287,15.6850035
Gina Henry,19,290 Shelton Roads,Lake Brendanchester,UT,20638,120.819867,17.5651105
Katherine Riggs,67,451 Reyes Manors Apt. 972,Elizabethshire,AR,40614,128.031305,67.467410
Mrs. Jessica Gaines,35,9646 Carlson Burg Suite 259,West Christopherstad,CA,58586,104.416890,-4.6178185
Mrs. Amanda Swanson,87,01792 Sherri Port Suite 158,Lake Marcus,MA,89695,103.334702,-68.707895
Nathan Matthews,81,684 Nicole Terrace Suite 822,Port Melinda,MN,47630,-76.979679,41.4102015
Patrick Stafford,55,399 Jennifer Skyway,South Edward,VI,10278,-8.356576,89.3340445
Victoria King,70,602 Allen Shoal Suite 761,Jonesside,KS,60211,-77.092733,-51.365864
Paul Saunders,72,0435 Collins Throughway Apt. 490,West Oscarport,VA,88863,-23.253311,-36.7494885
Mitchell Smith,89,11564 Gordon Lake,Gabrielview,NE,16184,86.353595,-28.5854265
Nathan Miller,36,604 Cody Fort,South Megan,MI,51885,-95.890463,-56.9372465
Joshua Smith,74,9978 Humphrey Lodge Apt. 195,New Davidborough,LA,41801,-33.747089,22.855002
Heather Burke,51,4706 Stanley Plain Suite 311,Port Susanside,MP,53505,84.373205,1.4332365
Victoria Martin,23,22906 Scott Dam,South Samantha,VI,41891,-76.918882,65.336695
Mary Tucker,50,35156 Bennett Square,West Jonathan,MS,76470,105.296288,-71.009052
Angelica Lopez,28,559 Atkins Knoll Apt. 617,Danielleburgh,IN,64002,98.960517,65.8246715
Frances Wyatt,76,7991 David Drives,Lake Nicolechester,PA,05477,-46.076563,-19.3933365
Miss Shelby Williams MD,80,95676 Fernandez Estates,Port Christine,VT,98017,164.448041,-78.835489
Ruth Martin,46,43404 Rachel Meadow,Lake Garyfurt,MN,44154,-56.972509,-28.465720
Louis Graham,28,01524 Peterson Ports Apt. 141,South Melissaborough,SC,53826,138.434275,-12.0056365
Tanner Nelson,47,463 Tracy Skyway,New Arthurhaven,IN,14240,142.794853,50.5518385
George Fisher,35,420 Bryant Spring Apt. 072,Port Ashleyhaven,MA,35792,41.576569,-38.732405
Michael Ramirez,56,6363 Nichols Islands,Hamiltonport,OH,82137,121.257515,56.2339715
Tiffany Lambert,22,14581 Moreno Skyway,Wareland,GA,47234,125.954146,3.753823
Krystal Mcguire,26,9204 Kenneth Green,Cabrerastad,CO,06299,-162.366407,-29.0396815
Ann West,80,88732 Jamie Fords,New Amandaborough,MN,40177,140.145177,-7.813832
Ronald Schneider,19,534 David Branch Suite 367,Lake Susanchester,MO,00949,-165.762252,-83.1566165
Karen Copeland,64,33491 Martin Fork Suite 734,South Roy,MO,53472,143.917912,89.826935
John Cowan MD,32,6744 Martin Curve,East Biancaview,MO,17131,176.109083,-63.0810775
Daniel Stephenson,47,865 Andrew Trail Apt. 223,Rodriguezborough,AZ,79150,33.324830,12.973534
Brittany Green,22,0258 Andrade Summit,Smithmouth,KS,36446,62.410454,88.674780
Amber Jones,28,7421 Mills Falls Apt. 716,Smithton,UT,30418,-67.908525,-63.418828
Amber Johnson,65,133 Kidd Roads Apt. 825,Port Omar,SC,70499,-59.560626,10.1660315
Lisa Carter,80,207 Brandon Extensions Apt. 455,Brianbury,CT,69328,-104.631568,-1.721988
Carla Rosario,34,5740 Schmidt Plain,Desireeton,PW,87081,-141.375616,-46.814368
Joseph Cabrera,39,1284 Robinson Rapids Apt. 446,Lake Erin,MH,16596,60.145719,-38.019744
Robert Williams,45,8496 Sara Crest Apt. 472,Kathleentown,IA,03423,122.983147,-45.089080
Alan Martin,29,9987 Willis Plaza Apt. 229,Lake Jose,WY,35273,101.028204,78.1396075
Erica Walker,46,1238 Edward Cove,North Ericafurt,MD,28884,121.106045,-63.3761635
Dr. James Chen,44,135 James Run,New Laura,AZ,96630,-128.675071,31.126150
Yolanda Schneider DDS,26,540 Williams Garden,Lake Robert,VA,75943,161.638610,-88.608404
Eugene Johns,45,918 Anderson Summit Apt. 223,Martinmouth,SC,67245,-8.026280,-59.9357365
Jessica Strickland,41,35527 Nicolas Tunnel Suite 333,Gomezside,VI,08407,17.993391,-0.734668
Sara Gay,41,26473 Marissa Throughway Suite 164,South Victoriamouth,GU,23176,-172.430377,25.366748
Alejandra Johnson,70,8285 Phillip Spring,Heatherberg,AS,40276,-147.524556,89.600416
Sarah Salinas,25,3463 Williamson Ways,Sheilaton,MH,75719,59.288515,77.959461
Arthur Shaw,85,51467 Barnett Field,East Nicholasmouth,CA,09713,-160.533835,-45.431291
Deborah King,61,89678 Thomas Fall,Richardsonmouth,FL,06269,-173.405333,-3.466967
Anthony Morris,57,16503 Eric Forest Apt. 678,East Melissaside,SD,11139,-151.720673,45.3909835
Michael Peters,70,02304 Gomez Lakes,Lake Kimberly,DE,08166,47.486319,43.909742
Jeffrey Callahan,83,60215 Vargas Hill,Port Alexberg,AZ,19383,137.936869,39.0416625
Donald Pena,72,8006 Henry Junction Apt. 491,Williamshaven,AZ,70290,174.467299,29.9617645
Anthony Hunt,88,81807 Melinda Junction,Sanchezborough,AK,97218,127.614546,-13.0570485
Crystal Wilcox,71,3015 Kristina Parkways Suite 795,Michaelberg,AZ,26261,-152.425562,31.1723655
Jeffery Edwards,64,22079 Alicia Canyon Suite 700,East Angiemouth,NY,93216,-46.507844,-58.9638505
Jim Cochran,41,8808 Ashley Cliffs Apt. 954,East Scottstad,IA,24390,165.779123,-46.075002
Melanie Nelson,52,82529 George Mews,Port Amandahaven,WV,45053,-69.214200,-89.409972
Lindsey Jones,89,14200 Sharon Skyway Suite 487,New Michelleport,FM,49846,-105.388160,-1.271411
Sheila Fernandez,89,950 Jennings Mountain,Brandonshire,SD,24508,104.062350,-62.598425
Tammy Rodriguez,51,2346 Christina Street,Jamesland,WV,17987,-41.641155,55.9479795
Scott Rice,28,6629 Meghan Stream,Fullerchester,LA,40434,123.552578,-40.807994
Timothy Richards,75,16593 John Wells,Patrickbury,AL,63448,-71.224081,79.9921775
Peter Smith,31,179 Proctor Gardens,Fergusonburgh,WV,68879,-62.097804,-30.931794
Luis Green,69,0665 Stephanie Loaf Apt. 295,West Patricia,DE,65880,6.940594,44.9040095
Elizabeth Reed,41,2645 Chelsea Parks,Powellmouth,MD,13229,-136.263767,-81.4298825
Jason Silva,88,621 Rose Trail,Hallfurt,OR,09460,80.744535,25.787046
Jenny Cunningham,84,339 Roger Unions Suite 050,New Sherylside,DC,68128,135.293983,88.439678
Amanda Fuentes,24,516 Skinner Haven,Jasonberg,FL,83904,64.180098,-86.698126
Elizabeth Jones,69,982 Samantha Grove,Maxmouth,CT,98752,-166.251450,37.323072
Gabrielle Miller,31,473 Cole Locks,New Emilyfurt,MI,35266,-147.274460,82.237900
James Hays,61,089 Christopher Curve,North Andrewstad,MA,07199,-119.585443,-64.076477
David Carpenter,83,888 Herrera Spurs Suite 092,East Emily,CA,25389,-70.610015,-34.0129825
David Miller,59,987 Jacob Islands Apt. 415,Lake Katieside,IN,13417,162.906523,62.783852
John Mcdaniel,41,11814 Clark Track,South Alexanderfort,LA,06525,-16.935930,35.2997535
Carol Davenport,77,08530 Paul Plains Apt. 000,South Katherine,GA,74399,100.075112,-86.063787
Mary Steele,61,26394 Daniel Green Apt. 791,East George,WV,98456,172.357671,82.496490
Justin Evans,31,3614 Karen Manor Apt. 150,West Nichole,CA,42115,-138.483244,-27.150239
Maria Martin,88,100 Roberts Way,Port Fred,VA,41019,-70.110398,34.4339935
Tyler Butler,81,12438 Lowe Underpass Apt. 839,West Lisahaven,NH,76986,-88.256500,61.3036085
Melissa Garcia,58,2046 John Camp Suite 174,Geraldfurt,PW,61219,-0.484501,-23.422224
Melissa Ramos,25,9616 Brown Extension Suite 445,Port Scott,MI,59532,94.992187,-21.047230
Donald Reynolds,18,824 Russell Landing,Hopkinsville,ID,31875,-95.243909,28.322169
Larry Brewer DDS,53,70015 Garner Trace Suite 897,Denisetown,PR,82996,-33.557688,82.8318825
Tina Campbell DDS,87,6365 Margaret Loop Apt. 479,Lake Gloriaview,IN,77382,102.791176,75.799150
Amy Conrad,48,523 Joseph Heights Suite 189,Bobbyborough,OH,49545,96.589936,67.280329
Charles Burton,62,4661 Stokes Fields,South Ashleyshire,AS,19141,42.827861,62.963315
Terry Lang,46,7729 Anthony Pass,Jasonside,ND,28053,104.815378,60.2116395
Melissa Smith,72,4735 Sean Row,Harveyfurt,ID,07961,-166.036592,-13.4537435
Daniel Stone,47,73791 Adams Mission,Kelliside,OR,62357,-1.216115,-64.404980
Lori Aguilar,79,950 Jennifer Lodge Suite 595,Stevensview,AL,67105,18.559623,-51.644523
Matthew White,77,6514 Anderson Lights Apt. 324,New Antoniotown,PA,01776,-87.248191,75.389743
Brian Williams II,53,319 Brittany Walk Suite 146,New Sarah,KS,99776,127.253220,-22.839867
Rebecca Davis,39,41515 Kelsey Way,Jessemouth,KS,69843,-32.604623,-5.2136955
Carolyn Fitzpatrick,23,4609 Maria Flats Apt. 084,South Michael,ID,84235,155.695252,59.483572
Amanda Green,40,4110 Matthew Curve,West Michaelville,WI,82807,94.449665,-6.0061775
Erica Tanner,31,2019 Erica Track Suite 116,Gonzalesborough,HI,52824,-76.747308,-23.084790
Jesus Morris,23,13652 Heather Walk Apt. 405,Lake Kathy,NV,53689,171.686925,20.139118
Paul Estrada,23,90567 Holland Light,East Stephentown,AZ,15058,-75.533458,-28.580843
Michael Mccarthy,81,1049 Joseph Valley Suite 029,Millsstad,MN,54115,15.612861,61.062352
Thomas Obrien,50,593 Edwards Motorway Suite 544,Julieshire,MH,95765,89.047313,-25.429523
Joy Gonzalez,37,1047 Morris Creek,Brittanyton,HI,04424,-121.120139,9.4183385
Lisa Ramirez,27,6424 Gibbs Rue Suite 754,North Carol,LA,36937,-21.212966,-12.7784995
Nicholas Cox,40,57638 Nathan Valley Apt. 272,Sarahaven,CT,17632,126.340893,-13.0645155
Cody Collins,73,218 Clayton Prairie Apt. 056,East Susan,IL,92606,-39.827947,-3.904932
Casey Parker,80,23519 William Ridge Suite 466,Lambertview,MP,54544,-45.666756,11.699973
Christopher Burns,28,1601 Gallegos Rapids,Joneston,VT,94421,-52.703425,66.3081665
Robert Ellis,65,6574 Cain Stream,Perezview,HI,61206,-17.139398,28.115848
Donald Taylor,78,2739 Mercado Garden,East Isaiah,TN,01886,-133.731697,51.5210755
Steve Taylor,33,6358 Long Freeway Apt. 259,New Angelaside,NE,98132,-127.844498,88.222593
Russell Sanchez,47,26079 Sarah Walk Apt. 780,North Morganview,CT,07528,63.588379,-52.423099
Daniel Lester,34,70654 Kim Terrace,Hudsonmouth,OK,96465,132.909220,31.0121485
Sheryl Rodriguez,82,75897 Tommy Brook Suite 721,South Wandaside,NH,88835,43.861232,45.836269
Brian Conway,19,65660 Tracy Trafficway,South Michaelville,TX,55410,-12.751147,-26.0847855
Kimberly Hodges,47,60183 Wilson Brooks Apt. 185,Bakermouth,NY,17863,-155.741954,-4.3116845
Paul Miller,61,69532 Howard Extension,West Stephenshire,VA,03359,-76.715135,-55.3233235
James Andersen,23,781 Reynolds Brooks,West Michael,MO,90546,5.516396,34.643055
Morgan Rodgers,43,030 Donna Turnpike,Port Valerie,CT,42614,133.285304,86.151342
Joel Johnson,29,271 Garza Courts,East Carol,VT,48955,-29.314531,20.4872715
Matthew Cuevas,74,90648 Juan Loop Suite 552,South Peter,NY,85164,-124.815665,-67.416835
Teresa Harrison,53,431 Sandra Pass,Lake Ryanberg,TX,88173,-53.010257,-3.391256
Melissa Torres,84,00719 Rebecca Point Apt. 007,Smithstad,MH,30621,-144.157496,89.1035975
Joseph Hudson,56,0420 Brent Center Apt. 153,Mooreburgh,OK,15963,-48.461404,89.149088
Jasmine Tran MD,88,912 Amber Wells Suite 919,Lake Emilychester,AK,81321,36.206259,-82.591540
Chloe Mendoza,85,113 Thomas Tunnel,Hillside,CT,93242,101.016935,-85.3068815
Kristine Tate,69,515 Rojas Ridges Apt. 410,Christopherstad,PW,10124,-161.827141,62.633566
Kenneth Carter,52,698 Blake Pass Apt. 529,South Kristenborough,AK,19671,-108.988913,76.380113
Shawn Cline,52,97221 Simpson Lodge,Mooreton,NH,03628,-67.102568,-64.0281045
Joanna Callahan,52,7844 Theresa Shoals,New Ellen,MS,39638,155.175559,72.3465065
Michael Phillips,79,5945 Manning Walk Apt. 472,Newmanfort,SC,32406,-36.682251,18.5292375
Neil Stevenson,39,75635 Tyler Streets,Reynoldsbury,WY,42118,39.217027,71.6906465
Michael Alvarez,78,5429 Aguirre Green Apt. 085,Lake Trevorside,VT,45929,32.363430,70.428434
Jordan Allen,36,68579 Rachel Mall,Christophershire,ND,61379,-145.115079,77.2692875
Sandra Morales,53,07407 Mendoza Roads Suite 695,East Rachel,NY,66440,124.313176,-52.2403535
Rebekah Baker,83,621 Angelica Street Suite 636,Griffinport,HI,44327,-167.997317,-67.4696365
Linda Swanson,38,321 Deborah Cliffs,Kathleenmouth,VI,83557,2.538707,-82.9295065
Zachary Lyons,90,4210 Corey Trace,Thomaston,MP,92060,-26.083969,-11.8928185
Michelle Adams,74,39602 Rebekah Track Apt. 643,Kelseyburgh,GU,28564,-139.459209,-4.1402325
Paul Greer,55,2897 Bradley Overpass Suite 494,East Stephaniemouth,AS,92037,-68.146038,-30.1647945
Keith Johnson,32,38438 Hartman Lodge Apt. 659,Parkerport,VA,70905,-106.005742,-23.7619975
Lisa Rivera,44,60007 Emily Bypass Apt. 906,Ramoston,WI,80875,64.676559,65.630501
Clinton Trujillo,63,51463 Craig Falls Suite 474,Youngberg,MT,19856,128.553753,61.882815
Joe Marsh,77,679 Rangel Throughway,East Teresaport,OR,73404,-166.140631,-52.964158
Christina Hendricks,55,9713 Ross Land Suite 868,North Shawnshire,NV,57452,-84.338010,-33.3571185
Melissa Sutton,19,1233 Melinda Flat Apt. 309,Lake Laurie,OH,39063,-178.570718,74.1144765
Ryan Alexander,42,8093 Sosa Overpass,New Miguel,SC,92226,32.160278,-79.2037655
Angela Brown,47,84089 Andrea Plaza,Lisaborough,PW,70013,-127.490055,31.929991
Shawn Lawson,21,8631 Megan Squares,East Timothy,NE,89442,-119.203142,-84.7368955
Ernest Malone,70,9481 Austin Mission Apt. 058,East Travis,AR,76205,-27.404479,86.8001675
Jimmy Johnson,44,30483 Benjamin Harbors Apt. 536,Carolview,NY,92442,83.756950,87.5102045
John York,81,6289 Deborah Cliff Suite 734,Collinston,VT,31957,163.741449,5.144536
Eric Silva,43,3463 David Lakes Apt. 879,Jonesstad,VA,55775,9.326030,-79.019191
Michele Cain,28,876 Joseph Center Suite 929,North Shawn,MP,96440,-176.598612,-24.3959675
Amanda Randall,28,2226 Sarah Crest,Port Austinhaven,ME,18077,16.188006,10.2084175
David Harris,55,09114 Benjamin Passage,East Josephview,CO,96080,-65.471260,12.8757075
David Johnson,59,032 Decker Terrace Apt. 081,Jameshaven,KS,04706,119.133073,23.5854155
Megan Bell,85,990 Whitney Passage Apt. 627,Gutierrezhaven,ND,04360,-56.378357,-64.633362
Kimberly Lambert,83,23773 Ryan Lock,Turnerville,AR,45785,129.372666,-25.533629
Danielle Sanders,70,6546 Harris Junction Suite 946,West Danaborough,NM,38115,-109.248086,75.5620085
Jamie Jackson,44,7590 Jocelyn Row Apt. 390,Goodwinport,DE,91593,20.876781,77.9239405
Jacqueline Chen,58,1017 Nash Causeway,Brownview,MD,60464,119.891884,55.8801415
Dustin Williams,70,13616 Medina Garden,West Catherineville,KS,38581,37.755678,1.0452445
Allen Bowers,69,64687 Diana Rest Apt. 909,East John,TX,35105,-107.595200,-30.3413285
William Brown,44,808 Stevens Ridge Suite 470,Alanport,CA,84801,31.814554,-56.3529195
Christine Wilson,79,91970 Eileen Square,West Stephanie,IA,01299,174.293399,-50.958771
Bryan Phillips,75,73983 Zachary Mountains,Tylerport,TN,87471,-116.143811,-22.8388595
Rebecca Weaver,32,550 Alvarez Crest,South Kevinburgh,MS,50345,163.024597,19.817522
Emily Guzman,70,510 Marshall Loaf,Mirandafort,WA,52615,-154.608679,67.846383
Keith Campbell,31,938 Jeffrey Stream,East Katherine,NE,62467,-2.693591,5.680859
Juan Jensen,47,75057 Robert Pine,West Erikberg,NC,46706,105.631554,69.9532515
Elijah Flynn,29,3184 Chavez Cliff,Michaelmouth,LA,33438,94.995031,66.3508155
John Jones,20,292 Garcia Views Apt. 291,East Davidfort,GU,27969,61.375708,53.8536445
Robert Powell,24,1983 Hill Lane Apt. 026,Christopherburgh,DE,51794,59.418847,55.7722665
Amy Anderson,58,028 Jesse Roads,South Claire,OK,00898,159.351431,-30.258802
Christine Howe,74,9940 Mitchell Landing Apt. 638,Nicoleville,CT,51997,131.336512,-42.1117545
Dylan Chen,18,17029 Smith Mews Apt. 890,Lake Jorge,CO,44747,67.976318,-55.005712
Nicole Simpson,69,02600 Robert Crossroad Apt. 403,Nicholasstad,OK,80015,89.234789,-54.721551
Alyssa Caldwell,60,98963 Jones Island Suite 796,New Davidshire,ME,37854,-72.511167,1.5267395
Katie Bradley,34,2702 Robert Springs,Ferrellview,MD,14464,70.785838,-32.424218
Carlos Parker,51,6190 Luis Skyway,Josehaven,MT,07161,-62.551706,-14.4566535
Tracy Wall,25,402 Suzanne Roads,Deniseborough,TX,03417,69.040726,-50.264587
Dr. Amy Warner,54,594 Andrea Mews,East Jessica,MT,72106,-63.291110,-11.1463925
Pamela Velez,66,441 Peterson Fort Suite 283,South Bethany,OR,33648,-42.673910,20.9533365
Paul Lewis,33,8942 Jason Ford Suite 952,East Nataliebury,AL,31359,-64.991706,-86.203668
Danielle House,62,5460 Amanda Coves Suite 812,Floresmouth,ND,81060,23.728024,-74.116459
Crystal Hogan,60,701 Jones Forges Apt. 396,New Michaelview,DC,23587,151.167233,-85.9379905
Elizabeth Benson,69,27187 Davis Pine Apt. 971,Michellefurt,MN,49837,-58.930222,37.120003
Cameron Cooper,88,6933 Erica Camp Suite 653,Susanfort,OH,76035,3.249266,40.603102
Angela Morgan,29,2019 David Walks Suite 149,West Richardstad,MH,54566,-130.933913,65.8021795
Nicholas Osborne,61,48376 Hooper Centers Suite 943,South John,MT,24490,128.655263,-61.1686125
Dominic Garcia,85,701 Joshua Mission,Colemanmouth,UT,50728,44.433481,62.834605
James Andrews,52,46635 Humphrey Streets,New Michael,ND,64748,-32.800524,-52.450886
Albert Ayala,41,9537 Angela Tunnel Apt. 510,Cunninghamton,NC,63203,-118.956386,-76.284320
Alexandra Jensen,44,5954 Alfred Burg,Stoutland,CT,28484,127.424002,10.512351
Paul Powell,21,6558 Phillips Island Apt. 913,Port April,ND,90838,-61.519473,-28.0793345
Amy Johnson,82,524 Kevin Cliffs,Port Angelaside,NY,78239,-172.446538,-3.8594095
Christine Stewart,70,7305 Johnson Coves Apt. 964,Jenniferstad,IL,07395,17.710077,-85.044572
David Kelly MD,55,102 Brittany Avenue Suite 773,East Jessicachester,TN,01343,-124.228565,34.8822745
Brittany Rivers MD,23,18965 Rubio Inlet,Laneland,NC,58124,-58.068162,3.5270785
Michelle Vargas,23,7647 Aaron Roads,West Vincent,NV,03207,-42.852872,-51.671490
Joshua Richardson,34,807 Pierce Pines,New Jose,ND,27830,-173.627735,-58.566806
Robin Zavala,23,14365 Mccullough Isle Apt. 895,Lake Natalietown,MS,48807,167.311817,-50.9350425
Yolanda Flores,41,76221 Leah Green Apt. 307,Salinaschester,OK,88384,-50.197586,53.7059385
Bonnie Small,42,70690 Brittany Square,Lisatown,PR,89696,96.543233,29.725339
Kimberly Ho,18,24136 Marcia Loop,Ramirezfort,AZ,57904,-77.091925,-1.254258
Veronica Jordan,54,05388 Miranda Knoll,West Brittanyshire,SD,51632,113.296735,72.5992935
Tony Mason,30,79015 Sanders Crest Suite 856,East Kellyview,WV,75737,-14.773089,-58.9329145
Heather Odonnell,74,518 Logan Street Apt. 423,Nolanton,CO,93422,63.906046,-79.7533445
Matthew Thompson,18,80896 Dixon Pass Apt. 712,Port Gabriel,WA,73510,49.029012,79.7268245
Vincent Webb,35,44575 Carson Ville Apt. 154,South Kendrafort,NE,50266,-112.008806,48.338564
Jason Miller,85,4768 Lambert Shore,North Lee,PW,79734,-29.049396,79.2223445
Raymond Schwartz,32,32857 Barber Tunnel,Lake Katherineville,SD,83171,153.589087,31.6739015
Cynthia Terry,25,451 Gibbs Street Apt. 130,Smithborough,RI,95185,134.827438,-45.4761665
Cory Perez,45,2127 Brandon Run,Michaelbury,RI,68624,-36.316517,-31.364548
Daniel Davis,77,544 Oconnor Wall Apt. 403,Michelemouth,VI,22877,-86.146976,-16.261095
Tracie Lopez,60,9065 Castro Tunnel,Douglashaven,AZ,03134,-4.507671,-86.8097765
Timothy Watts,26,806 Butler Corners,Gillespiemouth,IA,15326,144.573518,63.276191
Megan Johnson,68,354 Cody Burg,Lopezchester,IA,52962,-1.146505,-22.570128
James Strong,29,493 Cook Mountains Suite 205,Port Thomas,MA,28889,91.388379,-35.3532405
Paula Spencer,48,1632 Amy Corner Suite 970,Barnettmouth,MO,18854,112.396770,-68.5238615
Monique Wallace,28,9349 Meghan Gateway Apt. 805,Port Kristin,WI,17084,-78.450708,67.324857
Larry Hill,31,916 Wilson Cliffs,Darrellmouth,WY,35721,-163.003658,-63.2423355
Melissa Wolfe,22,347 Martinez Village Suite 883,Stantonland,NY,63672,-46.834539,-70.435054
Scott Hutchinson,80,13460 Johnson Run Suite 606,South Dustin,OR,60466,122.768050,-38.7440745
Terry Bell,87,0854 Lee Courts Suite 287,Lake Jenniferside,TX,63129,-175.115334,-38.0327755
Sheila Scott,73,801 Jonathan Center Apt. 754,South Frederickchester,NE,61421,147.219204,-3.9167435
Robert Ballard,53,0410 Allison Via,Wrightfort,KY,92212,-120.179655,10.530950
David Kennedy,34,53671 Johnson Court,West Katherinechester,ME,35845,-119.807486,-34.0283625
Kristine Price,88,91514 Hall Avenue Apt. 066,Lake Vanessa,MI,10019,22.487704,-64.5556005
Andrea Martin,89,829 Harold Square Suite 535,West Wandashire,PA,13295,-92.338686,-66.4935875
Bailey Rivera,53,5338 Roman Flats Apt. 028,East Luke,WV,84385,35.864493,33.941369
Joyce Barnes,87,597 Nicole Parkway Apt. 510,Darrellport,AS,41507,-2.717918,-45.525754
Kimberly Nielsen,90,744 Yates Mission,Kevinfort,HI,55853,70.424051,27.566869
David Martin,25,89486 Dodson Row,New Lisafort,NV,97346,-116.946346,87.5314705
James Burns,70,26894 Baker Loaf Suite 072,North Andrewtown,IL,53830,160.721175,-2.1638165
Samantha Rodriguez,51,06910 Rachel Shoal,Kimberlyfort,AS,61468,148.997929,-31.900683
Eileen Arnold,67,51755 Melissa Inlet Suite 834,Lake Georgeshire,AZ,32572,-0.728536,-18.0485425
Bobby Salazar,24,821 Jones Cliffs Apt. 480,East Jacob,MA,84687,42.033881,4.839397
Larry Walsh,22,75182 Samantha Mount Apt. 146,Port Courtney,PW,38228,-51.326977,24.361906
Terry Reynolds,51,68757 Antonio Village,West Mistyburgh,IL,98086,102.042849,13.767790
Steven Wells,87,3588 Jeffrey Avenue Suite 779,New Staceyfurt,MS,55655,-116.795215,49.026368
Patricia Powers,83,939 Justin Green,New Jadehaven,MN,63751,16.625572,-43.599666
April Dixon,82,917 Phillips Fall,Andersonmouth,ME,75924,-79.559864,21.750616
Diane Norris,56,8714 Parker Coves Suite 673,North Kevinside,MN,38703,-121.373886,-86.2716325
Joan Reese,66,513 Green Meadows Suite 818,Jessicaberg,LA,88377,119.206567,-59.9344835
Joshua Ritter,69,8038 Veronica Inlet,East Carlside,DE,39614,91.129337,35.027332
Rebecca Powell,39,72336 Carol Trail Suite 697,Port Spencer,WI,56284,-83.799194,-25.096851
Mary Larsen,26,0982 Albert Club Apt. 543,Lake Mason,CA,58638,-29.694150,21.3219315
Tiffany Simon,56,430 Baker Extensions Apt. 725,North Sarah,CA,78590,119.340861,37.310618
Michelle Moore,83,2725 Johnson Spring,North Nicole,OR,79884,-105.539944,69.669859
Bob Wyatt,71,5387 James Port Suite 845,South Erin,HI,31369,126.287849,49.0401915
Steven Smith,24,8572 Ryan Stream,West Markbury,OR,10920,53.790026,-83.515411
Joseph Flores,40,4538 Daniel Point,Butlerhaven,CT,72087,44.298043,66.6269575
Valerie Harper,41,204 Nicole Lock,Kellyview,CT,42471,-34.986556,-42.929664
Tina Lee,56,2792 Adams Harbor Apt. 300,Lake Shannonberg,GU,44122,-113.353207,65.2506735
Erik Wade,28,3220 Green Manors Suite 255,Lopezville,OH,67861,40.567580,-37.4231155
Anne Maldonado,73,0743 Stephanie Ridge Suite 079,Lake Tarastad,IA,08929,116.812926,-74.4811295
Michelle Baker,21,1316 Jacob Flats Apt. 059,West Tammyberg,IA,20424,-77.213483,-77.8122505
Lori George,79,5364 Avery Stream,Smithshire,LA,37914,12.002185,58.919050
Sandra Villanueva,51,532 Rivera Ramp Suite 206,Port Monicaview,VT,37907,103.324061,4.9278515
Chelsea Rodgers,55,7402 Ramirez Way,Port Jamesport,AK,75645,85.441844,-37.114443
Megan Vance,34,46806 Tiffany Meadow,West Barbaramouth,LA,40442,-80.130808,-68.808413
Christopher Hoffman,49,599 Russell Land Apt. 844,North Kim,NJ,79372,74.915864,72.6561095
Matthew Johnson,46,9005 Dawn Fields,East Sean,MP,64384,133.084448,10.5058815
Carrie Christian,60,4400 Kevin Junction,Jackville,MP,93597,18.274509,69.0050035
Patricia Briggs,29,571 Amy Fall,Frankborough,ME,44478,-80.199892,-54.7989885
Matthew Lee,59,64006 Landry Garden,Keithmouth,WI,16064,179.600516,-32.2546595
Kelly Chen,38,30643 Fowler Square,East Leslie,OK,50836,35.521866,-89.724414
Brenda Wilson,31,28826 Elizabeth Plains,Lake Leechester,GA,46321,-125.047221,-13.228975
Michelle Moon,49,124 Velez Fall,East Ronniebury,DE,55745,-170.233196,-65.108732
Erik Mcgrath,62,1930 Steven Creek Apt. 669,Johnfurt,OH,10115,159.104626,4.591983
Erica Johnson,81,4666 Cooper Manor,East Alicia,OH,69997,126.603297,-50.281473
Ashley Barnes,61,0777 Cox Neck Apt. 055,Lorimouth,MH,86362,-104.925392,-77.9314325
Michelle Mueller,32,99826 Burke Meadows,East Shawnmouth,DC,64723,-120.150449,49.4777955
Lori Smith,33,21455 Garcia Ranch Apt. 518,Jesseshire,UT,25286,-81.837442,37.5037395
Matthew Mcbride,37,414 Richard Springs,North Diana,VA,55301,-55.452987,-40.056350
Keith Gomez Jr.,44,782 Tyler Estates,Jakeview,VA,70616,-140.029791,1.182788
Melvin Mitchell,48,9853 Calvin Bridge,Stephanieborough,MD,51000,173.705581,50.240028
Kimberly Chandler,64,8731 Jennifer Pine Apt. 997,Jasonland,OR,63318,142.392966,-3.3649165
Tracy Humphrey,42,0155 Stevenson Club,Lake Loriland,SC,82443,-81.753110,22.9373155
Linda Lindsey,70,1716 Underwood Mills,Port Jesse,FM,39063,-167.143362,52.404850
Joseph Collins,81,871 Taylor Loop Apt. 191,Port Jonathan,AZ,45935,-127.408890,-9.308273
Douglas Atkins,35,8124 Villanueva Tunnel Apt. 548,West Justin,SD,41384,4.335759,-83.381983
Luis Mcpherson,29,125 Theodore Prairie,Davismouth,MP,04291,-31.101364,-73.763765
Amanda Phillips,34,0244 Samuel Bypass Apt. 550,South Zachary,OH,90029,164.396798,-82.348079
Paul Gutierrez,45,462 Brittany Villages Apt. 726,South Gabrielleborough,FL,12632,-174.468361,-34.6120525
Emily Phillips,56,66717 John Squares Apt. 498,Allenbury,NJ,55045,38.294474,24.553845
Derek Watson,88,751 Rick Points,Lake Anna,NY,12110,-102.196988,0.238816
Kyle Rodriguez,89,0765 Thomas Parks,Valerieview,DE,90997,143.945122,-26.9807465
Paul Chan,18,2080 Michael Expressway,Lake Jodi,OH,75913,-154.675702,-21.746788
Jennifer Smith,31,179 Gonzalez Drives Apt. 576,Rodriguezstad,IL,98773,127.279334,13.0821055
Alexis Bell,60,68861 Ryan Point,Jenniferfort,VI,86657,-135.707385,-66.1629925
Brittany White,69,621 Rebecca Hill,East Darrell,ND,08719,-72.859718,-21.667033
Robert Morrow,34,5738 Katie Coves,New Wesleyburgh,WI,46268,74.135699,85.953358
Elizabeth Bowman,44,51159 Rodriguez Village,West Brianshire,WA,60202,66.610938,31.273526
Casey Fields,61,7204 Tyler Fort Suite 482,Port Sean,VI,51459,-169.488013,-73.399006
James Warren,88,798 Jack Islands Suite 391,Nathanhaven,AK,32017,-80.885075,59.6306485
Casey Miller,44,22175 Wagner Groves,Lake Jamesberg,CT,20737,96.160792,-29.050942
Jennifer Hill,78,68875 Hayes Park Suite 032,Lake Tonya,CO,37130,126.579996,28.857933
Clinton Potts,38,22851 Salinas Burgs,Mikaylabury,NC,51004,-100.371225,19.7985795
Eric Santiago,61,8045 Valerie Key,West Jennifer,TX,08420,-24.585942,-82.7931155
Paul Carter,31,2080 Hale Creek,West Ronaldchester,UT,76287,101.978670,65.7566675
Jessica Castillo,32,346 Brooks Tunnel Apt. 560,Port Robertfort,NJ,76395,150.154402,-76.7258395
Jennifer Johnson,90,89525 Lane Walk,Dakotafurt,OR,67013,-106.707543,20.137358
Monica Baker,55,1348 Jeffery Circle,Port Johnberg,CT,76513,83.370122,-45.768926
Brian Richardson,45,92348 David Garden Apt. 910,Port Joshuabury,GA,52762,27.815584,5.0503365
Michael Conrad,68,082 Bell Loaf Apt. 922,New Julie,AR,70580,-80.749264,-18.554245
Beth Sanford,48,815 Brenda Manor Suite 515,North Troyland,AL,05079,82.396304,48.938498
Sean Roberson,80,0653 Brandon Common,North Brianmouth,WA,17311,-118.572136,-31.0742905
Benjamin Solis,64,036 Meyers Extension,North Sara,MP,26369,-47.409409,69.0116525
Robin Vasquez,59,944 Wiggins Summit,Melissastad,UT,49655,-166.319925,-16.370868
Terri Wilson,35,57700 Rita Parkway Apt. 961,Saraborough,MN,12918,130.699952,88.0805065
Nicholas Smith,51,8364 Allison Shoal Suite 355,Port Anthony,PW,37472,144.303875,47.489699
Veronica Rocha,41,482 Gomez Overpass,West Gabrielburgh,MN,77930,-8.618447,76.7362555
Kimberly Mccullough,73,8313 Jonathan Road Suite 428,North Melanie,OH,04666,127.928089,70.460608
Jenna Lester,42,47150 Kimberly Brook,Millerfurt,WV,81928,-146.400367,14.084841
Janice Bryant,63,712 Davenport Branch,North Nathanielborough,MD,96283,3.937198,83.2922295
Jose Gates,73,343 Larry Cove Suite 957,Fostertown,ME,58825,100.193590,-49.927950
Shannon Shaffer,48,0159 Mark Isle Apt. 026,South Kimshire,NV,59984,129.793273,-38.526175
Jose King,52,62063 Steven Wall Apt. 097,East Douglasborough,MI,97772,111.556391,-37.9061795
Jennifer Tucker,48,63853 Hailey Gardens Apt. 943,Lake Terri,AL,69765,-23.444542,89.3742605
Spencer Holt,24,54238 Michael Viaduct,Ashleychester,NC,76510,174.287985,76.777025
Daniel Williams,47,77358 Cunningham Drive,New Ericshire,IN,05281,174.375641,69.173138
Nathaniel Blake,43,1381 Harris Roads,Paulmouth,MT,26742,-52.787072,-24.748333
Alex Williams,43,403 Erica Inlet,Port Christinemouth,SC,04908,159.128480,-77.3287565
Matthew Morris,60,75338 Jennifer Corner,Smithport,WA,19565,-131.267263,8.0718195
Susan Stone,59,41237 Reyes Terrace,Lake Meaganhaven,FL,17454,-137.358288,82.0377745
Sharon Gomez,54,90489 Gardner Neck,Lake Phillipshire,MH,35533,53.938477,42.6031855
David Ortiz,46,889 Marshall Views,Michaelshire,SD,75318,-59.969652,-75.161015
Isaac Goodwin,32,24581 Montgomery Pass Suite 061,East Eric,MD,38243,80.371331,76.268721
Michael Jones,73,3444 Howe Spur Apt. 341,South Jodyshire,LA,70683,-47.698297,24.329565
Mrs. Catherine Porter,21,20100 Moss Port Apt. 985,Lake Chelsea,AK,54399,-13.136176,-75.9325465
Nicholas Johnson,31,585 Dawn Burg Suite 247,Luisfurt,WV,95048,22.969502,71.895992
Shelley Sandoval,72,66145 Julia Locks,Dennistown,NH,35446,48.025759,-54.768995
Edward Sellers,64,3347 Joann Throughway Apt. 667,New Sharon,NY,02024,47.636300,38.736059
Adam Allen,47,639 Rodriguez Forest,South Melissastad,CA,32626,-162.002330,-15.9522205
Anthony Gordon,52,65394 Jacobs Knoll,Vickishire,KS,54012,-129.587593,23.628664
Jamie Harris,50,3601 Jones Shoal,Evansfort,GA,67106,-112.580802,70.871621
Marcia King,42,071 Douglas Parkways,Victorside,MT,85267,-99.539231,63.449587
Christopher Wise,71,340 Brown Terrace Suite 823,Sheppardside,AS,26663,79.307899,42.417843
Manuel Campbell,65,095 Christopher Ports Suite 741,South James,AR,78756,26.950103,33.5559535
Samuel Mason,38,5150 Christopher Islands Apt. 378,North Katherine,NE,31369,102.138600,82.5740815
Jonathan Mitchell DDS,88,8675 Wheeler Loaf,Port Christopher,SC,81969,-124.043782,-40.982561
Shawn Garza,24,787 Drew Ports Apt. 229,Staceystad,AZ,60846,-111.895062,-82.1161805
Tanner Cooper,65,807 Mejia Turnpike Apt. 628,Lake David,HI,30763,-161.248103,7.0865595
Jeremy Miller,42,373 Palmer View,Hannahfurt,AL,27327,16.426220,-87.3319755
Joseph Nelson,56,83271 Michelle Ways,Port Sandra,AS,19649,-3.805512,2.5685735
Blake Lambert,19,5780 Adkins Lake,Sanfordhaven,NJ,97028,-79.638701,1.4839925
Tiffany Cooper,73,11690 Mitchell Hills Apt. 400,South Craigstad,ID,02116,-7.128684,5.3476265
Christine Ballard,85,972 Moore Highway,East Elaine,MH,98494,-135.863494,50.9137715
Robert Sheppard,45,1436 Tracy Spurs Suite 886,Jeffreyland,ME,92116,31.053750,1.1388535
Guy Mccann,34,7894 John Springs Suite 003,North Victoria,MO,93876,126.500737,33.500248
Richard Mcdonald,28,98292 Shannon Canyon Suite 514,Woodborough,IA,82102,60.127631,-24.560169
Tammy Mueller,32,43512 Tucker Stream,New Brent,WI,66443,-138.951607,-49.889239
Renee Jones,45,404 Holland Ferry Suite 297,West Samuel,NH,99943,142.877040,-60.550299
Amy Murray,50,183 Lori Club,Port Justintown,MT,08536,-128.801136,64.538882
Mrs. Kathleen Carlson,82,2303 Valdez Glen Suite 765,North Patricia,WA,94201,75.610906,-54.5839885
Jessica Steele,72,4509 Caitlin Points,North Jamieport,AR,07744,-19.458454,-25.8335475
Crystal Russell,72,929 Glenda Flat Suite 465,Stricklandtown,CO,86209,37.351879,-9.7866915
Christopher Stevens,76,053 Andrea Ridge,Port Tracy,WV,08476,-167.866255,52.2228235
Joshua Gardner,46,92806 Brian Junctions Apt. 781,Kimfurt,MI,16463,58.823634,-51.8848605
Angela Hall,30,0578 Pacheco Way Suite 672,Andrewsburgh,NH,42648,-77.568893,-66.564539
Ashley Romero,60,96802 Miller Shores Apt. 680,West Joyce,GU,77251,142.051237,-53.696259
Heidi Hicks,30,93387 Jonathan Port Suite 413,North Kristin,ND,26102,-91.646434,-13.2148785
Michael Adams,36,461 Joseph Ranch,Port Robert,FM,09874,72.274876,-80.2140245
Kevin Clark,30,877 Robert Track,West Amanda,ME,19667,109.833626,-89.7032895
Heidi Kemp,35,28665 Aguilar Streets Suite 347,East Mauricehaven,RI,40441,28.983143,-64.7186175
Samantha Gray,26,438 Carson Hill Apt. 861,Williamborough,SD,55606,-8.447237,-56.512321
Hector Alvarez,40,255 Edward Station Apt. 009,Taylorbury,CA,91432,-41.434615,28.343917
Tina Henry,56,9128 Hill Shores Apt. 498,Duncanchester,NJ,65831,-115.852833,-18.065596
Aaron Murphy,55,13303 Hunter Squares Suite 358,Wernerburgh,NC,52753,161.642222,27.937501
Sandra Chen,25,377 Charles Crossroad,Johnsonfurt,NH,48626,-46.978022,-28.9591955
Carrie Vazquez,39,950 Porter Port Suite 373,East Debrafurt,CO,53264,-103.828692,81.8150545
Michelle Tran,26,32056 Noble Harbors Apt. 639,Port Reginaldtown,NV,82837,-127.779320,-69.2074305
Abigail Jones,84,9922 Gregory Hill Apt. 046,North Davidstad,DC,43693,-77.697358,85.9388865
Jean Elliott,47,91134 Derek Locks,Marquezview,VT,33686,-128.092138,-56.266225
James Swanson,47,38321 Stevens View,Taylorbury,WA,39141,53.245866,-58.8879475
Robert Dennis,33,590 Johnson Ranch,East Timothychester,IL,75648,102.522548,25.584697
Bryce Espinoza,47,7986 Roberts Circles,New Brettmouth,DE,42404,86.904753,68.4780345
Kevin Miller,41,60146 Maria Squares Suite 512,East Loganshire,NH,87329,-162.401688,-46.7437905
Janet Newman,41,19408 Mark Orchard Suite 152,New Alexandra,ND,73061,61.972059,27.528447
Zachary Smith,41,2724 Mary Knoll Suite 948,Mullinsberg,ME,75666,-50.785275,-79.5157635
Alexis Taylor,41,66475 Jessica Islands,New Jennifer,OH,85249,-150.362814,-7.1274185
Christopher Dorsey,55,34620 Jennifer Villages Apt. 589,Marytown,HI,12901,-139.630195,-25.578743
Ronald Reed,35,69826 Reynolds Junctions Suite 160,North Michelle,KY,92272,-64.572140,47.566714
Jesse Hayes,90,434 James Brooks Suite 079,Murrayland,NE,49187,-100.862371,75.659367
Sandra Rodriguez,64,0999 John Island,Lake Davidberg,WV,28663,9.813524,25.2183655
Alejandra Evans,46,063 Jones Overpass,New Kellyberg,VA,11605,-40.993266,-77.1301675
Vanessa Holt,79,2242 Michael Junctions,East Annechester,NH,09226,97.683048,-48.5721515
Kenneth Brown MD,53,3272 Martin Branch,East David,DE,04275,-122.984167,-27.615298
Sharon Long,78,58351 Griffin Spur Apt. 751,Caintown,NH,36113,-117.969239,-2.9729185
Tamara Bowers,38,32555 Susan Highway Suite 492,Port Nancy,IL,87854,-129.940230,14.3258655
Raymond Bradley,31,755 Tracy Throughway Suite 939,West Carrie,NY,94731,-28.949962,76.761144
Phillip Gonzales,66,10807 Faith Square Suite 437,Kathleenville,AS,05355,147.492677,-67.527106
Allison Rodriguez,76,68971 Waller Ports Apt. 728,Lake William,NV,37054,-47.437376,43.999615
Jeffrey Estes MD,59,585 Wolf Terrace,Julieshire,OH,25631,-116.749116,-6.016641
Michelle Fuller,69,4617 Coleman Ridge Suite 843,New Amy,NE,44601,-133.249952,71.209292
Renee Ingram,81,361 Palmer Garden,Willistown,NC,20658,-73.987443,-47.358949
Lisa Patel,24,3625 Cody Trail,Rosarioside,WV,01790,163.227491,45.7019305
Sarah Ellison,60,727 Tara Locks Suite 417,Robertland,AL,53009,79.469660,74.1948585
Matthew Carlson,34,17216 Davis Stravenue Suite 866,Traceyfurt,ME,25808,-0.627057,-51.785515
Michael Daniels,46,924 Hensley Square,Mauriceside,NV,20476,-78.512819,78.256875
Eric Ortega,83,5975 William Bridge,North Angelafurt,ID,64765,-153.247594,86.036839
Joel Brooks,27,3449 Shaw Mission Apt. 208,New Daniel,FL,70409,78.965651,-26.1780385
Joshua Smith,75,269 Kara Loop Suite 021,Turnermouth,TN,02849,32.776370,-62.3984405
Paula Peterson,43,22164 Stephanie Dale,West Carol,MA,20371,-158.551144,65.686128
Christopher Lee,33,3306 Jesse Drive,Shellymouth,OK,63328,-21.839083,32.8451725
Heather Myers,88,7334 Williams Plaza Suite 563,Rebeccaborough,WV,24687,-73.804937,51.370873
Tammie Shepard,54,310 Kyle Shoals Apt. 723,Lake Jessica,WI,85103,154.208773,39.4738635
Jordan Flores,22,3863 Smith Cliff,New Mary,MT,01696,-42.751195,24.771579
Steven Phillips,50,8565 Ibarra Plaza,Johnsonburgh,CA,74354,-126.728769,-74.598520
David Garza,88,5766 Larry Manor,East Jeremiah,GU,42998,-89.102092,-48.346652
Patricia Sims,49,5038 Chapman Valley Suite 260,North Jenna,AZ,86553,-100.178922,5.131494
James Whitaker,88,8238 Williams Parkways,Gilbertmouth,RI,57638,166.191662,51.105774
Corey Campbell,58,957 Berger Pass Suite 196,East Christina,NH,74365,-104.370630,24.495441
Jordan Shields,60,441 Stephanie Lake Suite 529,South Michael,MA,91123,-16.444731,-11.5831265
William Brown,76,118 Kyle Canyon Suite 491,Port Kelly,NH,49508,-163.005392,-23.0423385
Cindy Hamilton,80,63960 Obrien Field,Riceborough,LA,69573,-72.996379,-3.7760335
Robert Wallace,27,7053 Suzanne Locks Suite 986,Lake Sheliabury,MT,69746,-108.231062,-75.9452915
Brittany Adkins,82,063 Thompson Club Apt. 868,Aprilberg,OK,18597,143.033179,84.1321185
Amanda Brown,45,21037 Barbara Field Apt. 506,Nathanmouth,NC,56806,-36.658833,35.129977
Dean Henry,41,579 Brown Views,Lake Renee,ID,70412,143.641749,58.351962
David Mason,83,378 Bailey Union Apt. 849,Wardville,PW,50551,-94.926535,53.974259
Kelsey Butler,68,8155 Diaz Spurs Suite 217,East Tiffanymouth,MD,58563,51.997213,-37.7914605
Michael Duke,58,0898 Alexander Court,Scottton,RI,92608,-46.609311,32.983504
Michael Wagner,62,529 Young Courts,Sethport,AR,60998,-27.363960,-66.305674
Kimberly Sparks,30,68761 Joseph Walks Suite 696,Howardland,SD,29616,127.690715,38.567703
John Bell,21,81908 Acosta Walks,Christopherland,NH,05684,-25.274666,17.978148
Jacob Roach,49,39161 Lowery Tunnel,Meyerland,SD,14312,-44.215453,49.102884
Cory Bartlett,51,24173 Gomez Brook,Port Robert,GA,80513,-37.857971,19.7889515
Melissa Little,48,0409 Sharp Pine Apt. 282,East Lauramouth,AZ,33669,6.444505,23.434764
Jennifer Gross DVM,41,11671 Travis Garden,East Timothyhaven,ME,30630,73.634874,-56.589463
Julie Acevedo,66,12446 Cruz Mountains,New Crystal,NC,91946,-50.544913,-29.6039285
Cynthia Hernandez,66,5847 Eric Vista,West Shawn,WY,68705,-41.539019,-56.347528
Natalie Davis,86,14350 Caleb Crescent Apt. 360,Hartstad,AL,74267,-4.755332,67.0831535
Jennifer Simmons,33,1281 Steven Drive Suite 082,Adamsbury,WA,96095,-106.042486,89.288893
Rodney Carrillo,18,862 Taylor Place,Cartershire,ND,24868,-12.437371,15.636400
Lauren Cole,83,187 Jennings Well Suite 584,West Shanechester,MD,69660,-48.814805,36.353317
Jim Tucker,69,7835 Teresa Underpass,Smithtown,NV,85346,-178.789619,-12.5306955
Nathan Huynh,31,8586 Hudson Fall Suite 409,Heathermouth,KS,23697,-84.741589,-44.1240215
Ashley Le,39,615 Johnson Burg Suite 715,Port Alexandrahaven,AS,76702,143.505458,28.707833
Jason Montgomery,23,382 Jason Street,Jessicatown,OH,55280,52.310021,-88.1152305
David Brown,83,7883 Duane Mews,West Blake,NC,60929,-105.747274,-49.2662065
Travis Maldonado,86,469 Scott Vista Suite 200,West Zacharytown,OH,33954,-77.496376,-50.7282095
David Jones,86,765 April Court,West Lauren,TN,10396,-4.364336,65.077193
Mr. Danny Schultz,20,8194 Baxter Spring,Salazarview,ID,60207,-1.927724,85.516538
George Valdez,29,045 Kevin Loaf,Swansonfurt,TN,84800,177.565413,-73.535758
Randall Mendoza,27,881 Kerr Station Suite 561,Harrellfurt,WA,94620,-15.551747,-81.4077915
Heather Coleman,22,22677 Alex Rue,New Taylor,TX,45686,-111.317484,-25.4671535
Teresa Robinson,74,71036 Allison Green Apt. 869,Mariastad,NM,13493,106.870091,-79.451216
Joshua Carlson,45,514 Walsh Underpass,South Brandon,PA,18929,0.498412,77.908600
Michele Perez,81,78675 Gwendolyn Park Apt. 895,Port Stevenburgh,IN,93406,69.086174,-25.181277
Andrea Newton,90,118 Sanders Village Apt. 511,East Kathryn,SD,86860,-66.220638,17.295282
Danny Brown,30,573 Greg Burgs Suite 376,Port Kimberly,NC,23601,55.842595,-75.502500
Laura Choi,31,7433 Adam Spurs,Mendezport,VA,12525,-140.897866,89.552487
Misty Ross,50,9641 Bridget Greens Suite 044,East Stevenfort,KY,69036,159.134806,21.442646
Kristen Wright,21,3401 Robert Crest,Florestown,WY,42118,-149.924288,8.4442525
Carol White,53,23093 Daniel Lane Apt. 110,South Arthur,PW,50420,10.618374,-87.391839
Joel Hopkins,26,5869 Nelson Wells Suite 498,East Kyliefurt,SC,02953,80.146714,-14.444975
Kimberly Allen,50,03005 Garcia Squares Apt. 570,Benjaminborough,ID,93597,-105.168550,84.720982
Matthew Roy,39,764 Ramirez Flats,North Brandonshire,ID,55481,100.695709,-17.4297105
Jenna Guerra,67,639 Crystal Vista,Aaronfurt,OK,88437,65.269417,74.202171
Alexander Robinson,66,6880 Saunders Ferry,Louishaven,GA,66083,171.610625,9.4904155
Andrew Martin,67,26364 Tina Mount Apt. 890,Heathershire,LA,47488,-132.402692,-59.630678
Donald Burke,24,9219 Alexander Drives,North Margaretland,AR,44239,38.020425,-10.318920
Jasmine Jackson,58,791 Gibson Union,Vanessaport,ND,33221,18.883070,3.489609
Laura Bradley,77,07002 Kathleen Shores Apt. 181,South Jenniferfort,NE,05448,69.854908,-35.8594165
Jennifer Larson,45,2037 Isaac Inlet,Scottfort,HI,68320,-104.014537,-18.479629
Jessica Robbins,64,94230 Kim Mountains Suite 527,West Ronald,KS,56963,-38.020268,56.869781
Kelly Jacobson,57,280 Moore Inlet Apt. 503,Andrewport,DC,27183,-58.392946,-18.4541485
Sharon Morris,51,81149 Derek Ranch Suite 711,Lake Cynthia,CT,37502,3.487133,-9.279805
Angela Griffin,41,07442 Tammy Drive,Lake Paulmouth,ID,04743,-58.528631,-36.302925
Andrea Burch,21,75801 Bernard Locks Suite 382,East Oliviaburgh,MD,32379,-69.571761,12.2534825
Eric Gonzales,77,0015 Lisa Drive Apt. 312,Angelashire,ND,36964,-142.501275,60.555304
Stephanie Sanders,66,95764 Moses Walks,Rodriguezfort,UT,49849,98.044565,-89.883337
Bruce Rivera,60,2552 Payne Roads Apt. 297,New Jessicaburgh,IA,74480,80.680699,3.8078265
James Williams,44,30802 Michael Parkway Suite 651,Laurentown,MA,43890,114.028709,-68.7734915
Jennifer Carlson,63,1972 Schmidt Locks Apt. 310,North Kara,AR,32586,-151.521625,54.741225
Christian Carey,22,7273 Massey Track Apt. 916,East Sabrinaberg,NH,71041,131.772079,-53.212706
Frank Santos,19,94529 Gutierrez Manor Apt. 850,Kevinchester,IL,33280,-56.914412,16.379425
Keith Walker,45,17277 David Passage Suite 645,West Yvonnebury,NH,92937,-161.861314,22.690474
Kayla Huerta,72,57190 Stephanie Mill,Smithborough,PR,79690,146.705728,-15.210863
Jasmine Ford,51,28942 Smith Forest Apt. 619,South Matthew,NC,48377,11.902265,-64.701454
Robert Gallegos,20,774 Erin Trail,Johnsonfurt,AR,57997,-27.508968,-79.3372465
Tabitha Salas,82,17946 Cuevas Squares,New Suzannechester,NH,63422,77.234547,-86.613870
Gabriel Lynch,38,446 Brian Freeway Suite 255,Port Kristenville,OR,94805,48.113244,31.592857
James Wright,68,851 Angelica Trace,Jamesfurt,IL,44803,-33.427221,78.1712585
Susan Rosario,66,10956 Cheryl Wells Apt. 592,Jacksonmouth,VT,16710,40.136060,32.0244775
Jason Beasley,40,4852 Shirley Lights Suite 543,Wrightfort,DC,36916,-142.708405,-64.746954
Paul Zimmerman,87,61178 Christopher Fort Apt. 475,Wileyfurt,UT,59792,-159.960037,69.606649
Zachary Vega,21,132 Emily Key Suite 935,South Frederickton,IA,78266,-10.246448,52.2451915
Samuel Hughes,27,05903 David Canyon,Port Nicholeside,PW,95952,112.831174,-16.530653
Emily White,44,178 Hunt Trail Suite 185,Reneemouth,MT,80733,54.682124,18.5312025
Thomas Juarez,40,66194 Felicia Way Suite 555,North Cassie,WV,57140,157.292934,20.2845785
Ricardo Holt,25,13903 Theodore Crest,Lake Tami,SD,77885,-118.136780,-15.2563345
Brent Wright,84,679 Michelle Port,New Yolandastad,ID,11272,134.392156,5.174183
David Charles,51,7751 Camacho Mount,East Stevechester,PA,87841,-79.938581,-72.5003925
Briana Sutton,72,76713 Watson Highway Apt. 548,Monicaburgh,FM,73754,-153.887532,44.1180405
Jamie Osborn,60,4509 Edwards Grove,Ashleychester,MS,93370,-104.331215,-85.645254
Trevor Gordon,21,121 Jones Ports Suite 471,East Davidhaven,KS,41427,-50.581432,58.0164765
Michael Hunt,56,58389 Boyd Manors,New Darrenborough,MA,02070,-40.036851,-24.645770
Jessica Nguyen,59,929 Nicholas Overpass,Leeville,VA,46726,6.742565,39.205094
Michael Mills,30,73490 Richard Canyon Apt. 183,Lake Saraport,PA,28565,-26.173948,-54.752441
Angel Nguyen,32,101 Rich Prairie,Ryanburgh,KS,83638,-51.126588,4.168924
Kevin Foster,82,138 Evans Plaza Apt. 834,Youngshire,KY,81081,-19.094514,-2.517422
Alicia Sherman,86,7731 Susan Spur,Phammouth,IL,80015,61.327589,-65.069519
Daniel Holden,75,01827 Thornton Vista,Reynoldsview,SD,33160,-93.760857,-12.845526
Kevin Welch,51,557 Joshua Ports Apt. 231,Brownstad,WV,40525,-166.842640,-85.1266805
Kimberly Duran,28,54163 Renee Parkways Apt. 983,Perezbury,PW,84193,-179.515578,-71.027059
Bob Vazquez,65,2177 James Way Apt. 885,East Paulfurt,PR,89643,-20.293314,-81.767649
David Murphy,39,257 Micheal Flat Apt. 513,Port Elaine,NJ,93542,163.608214,-81.388027
Megan Stewart,41,20196 Conley Lodge,Robertville,MI,00544,-18.089624,-37.104844
Nicole Baker,90,8750 Parsons Square Suite 113,Lisachester,NJ,39900,93.558304,78.0682505
Vanessa Stein,69,909 Jones Corner Apt. 447,West Colleenview,CT,25204,79.013468,35.0136265
Catherine Simmons,54,76930 Stevenson Trafficway,North Rebeccamouth,NY,77304,142.598647,53.931640
Brandon Snyder,90,308 Jeremy View Apt. 225,Patelport,DC,27814,-25.287905,-30.689589
Ryan Martin,53,94420 Watson Unions,West Christopherton,LA,75892,-53.855217,-41.225266
Glenn Thomas,81,69009 William Roads,Margaretburgh,NC,98979,156.490746,31.6243545
Ruben Petty,46,111 Sanchez Shoal,Port Andre,ID,78465,-121.602382,75.2705085
Aaron Smith,40,211 Samantha Ridges Suite 185,Michaelfurt,RI,48245,143.015405,-52.6510955
Derek Torres,37,00633 Torres Ville,Tracystad,LA,43081,9.968079,-7.362012
Christopher Green,36,94379 Patel Flats Apt. 221,Jackside,OK,79899,95.937360,-0.639588
Susan Ross,89,56119 Heather Light Suite 260,Millerstad,AR,99553,-46.430983,2.6208535
Michael Garcia,62,817 Melissa Freeway,Lake Aaron,NY,75631,0.483809,-68.9345035
Matthew Klein,90,2052 Steven Views,New Darrenville,PA,92243,22.313314,-76.161386
Mr. James Rogers,42,212 Thomas Flats,Port Garrett,MS,98576,111.642612,-67.224811
Heather Payne,63,5585 Samantha Vista,Forbestown,WA,05479,-174.533378,-46.7813725
David Williamson,18,589 Christine Trail,Lake Aimee,RI,07474,145.390481,-16.0946455
Elizabeth Johnson,36,23223 Charlotte Unions Suite 582,Stephaniemouth,CA,03706,178.147157,48.7955295
Melanie Pennington,61,07635 Brown Ford Suite 050,East Michael,KS,83226,-153.867976,-63.4360905
Roger Thomas,83,48764 Regina Glen,West Aliciafort,UT,96010,-161.319709,-77.244091
Earl Perez,45,4333 Kathleen Pass Apt. 940,North Kimberly,TX,55795,80.078959,89.2499845
Charles Goodwin,33,7759 Jason Spurs Suite 860,Mckenziemouth,PW,76189,-54.551642,68.9370305
Mr. Matthew Morton MD,25,67607 Eric Mountains,Sullivanberg,GA,97926,172.793188,-16.4012805
David Summers,83,70943 Reeves Rapid Suite 372,Michaelfurt,NC,68198,-135.476920,-78.9970755
Chelsea Harrison,27,92303 Rodriguez Lights Apt. 402,North Amanda,TX,05928,-172.936735,88.341837
Sheila Garcia,86,1245 Jackson Neck,Dustinberg,MD,79093,160.117952,-37.5738675
Lindsey Horn,69,315 Kelly Track,Rioschester,NJ,62162,168.591485,-5.5266665
Vanessa Woods,59,061 Huynh Gardens,Port Davidton,MN,68416,-170.938077,-29.3395335
Michael Donovan,54,1630 Medina Circle Apt. 688,Mirandastad,KY,01117,107.086332,-34.6806785
Ashley Hartman,50,99836 Turner Lakes,Lake Kayla,HI,51751,55.225947,35.0812595
Christy Jackson,37,17358 Grant Camp,Fieldsborough,AS,87072,-48.892608,23.2807115
Amanda Henderson,38,5111 Bradley Hills,Brandtburgh,VI,63528,50.047018,-89.270085
Keith Shelton,62,47603 Yates Crossing Suite 553,Hardyborough,CA,54564,80.650325,5.4825285
Andrea Williams,18,85741 Phillips Springs Suite 650,East Cody,NV,19691,-29.129861,49.380629
Courtney Washington,72,325 Jones Burg,Lake Elizabethmouth,AK,16454,-150.090756,1.012380
Casey Rangel,31,868 Kristen Parks,New Douglas,KY,06498,67.510189,1.7504145
Bruce Saunders,87,09622 David Spurs Apt. 338,Port Diana,MN,86618,-62.409082,44.6827535
George Hall,67,73480 Mack Shores Apt. 975,Lake Ianberg,MH,07633,89.418373,63.7452385
Joseph Warner,77,585 Jonathan Track,North Paigefort,OK,63080,-113.482647,51.2482465
Charles Anderson,89,2968 Jose Locks,Mackstad,IA,32207,-152.339053,52.0678435
Anthony Jefferson,75,746 Christopher Loaf,West Tiffanyton,ID,12405,-17.999015,-8.9512065
Jamie Kemp,42,10519 Craig Fields Apt. 650,Quinnland,WI,27038,-119.403355,-59.944643
Anthony Carroll,80,570 Gates Unions,Christinaberg,OR,64834,69.103878,24.673622
Brian Jenkins,44,7618 Benitez Rest Suite 053,Brandonville,PA,34424,112.753023,-37.406611
Mrs. Latasha Gomez,21,3388 Rachel Light,Angelatown,SC,08556,43.485369,19.4005075
Jeffrey Dunn,64,9261 Jennifer Harbors,South Kevinhaven,CT,94152,-9.813695,-45.787813
Lisa Mcintyre,58,8104 Dana Station,Benjaminview,MP,94831,4.605484,22.687773
Mckenzie David,77,7933 Daniel Knoll,Johnsonland,MN,56059,168.558264,-41.330247
Barbara Morris,74,9557 Katie Dam Apt. 643,South Kimmouth,TN,76900,-117.825825,-15.703449
Anne Cruz,41,02836 Travis Fields Apt. 875,Christensenborough,FM,66280,-159.940762,29.0686615
Keith Roberts,77,455 Joan Burg Apt. 008,Shawport,WI,14793,54.622559,12.364259
Veronica Brown,44,8248 Boyle Corners,North Daltonmouth,NJ,03729,-95.931496,17.1101335
Michael Werner,18,17559 Miller Walks Suite 680,Michaelside,IA,08814,62.706877,-24.150712
Joseph Lee,45,587 Reese Groves Suite 598,Bergberg,AR,28329,94.429297,-78.9430155
Vincent Shah,62,160 Alexander Shoals,Lake Erinberg,CA,49872,69.821759,-17.759446
Brandy Gutierrez,54,0540 King Prairie,Port Shannon,GA,01938,-19.577600,-41.417197
Margaret Becker,64,9850 Matthew Prairie,Billyport,PW,71746,-96.283199,-34.7587335
Brandy Morrow,67,82751 Robert Throughway,South Karenside,CT,27386,-71.290922,-20.6382645
Patrick Stewart,79,50978 Kyle Curve,Davidside,VA,62505,-177.432199,-4.017813
Eric Johnson,22,1178 Marshall Roads Suite 539,Underwoodhaven,PW,57153,64.715895,-81.3484725
Brian Jennings,42,4537 Joseph Ville Suite 692,North Hannahland,MD,08998,156.208135,-89.3897235
Andrew Lopez,26,332 Paul Hill Suite 275,Jefferyport,UT,60932,-149.678641,-20.096723
Kimberly Williams,54,3290 Watkins Road,Lake Jodi,IN,75166,-4.587009,-44.454210
Diana Evans,83,5896 Wood Forges,Michellemouth,TX,92743,-15.988837,-13.2173945
Amy Green,67,920 Smith Avenue,Lake Nicholas,GU,12627,64.636264,66.592919
Laura Hurst,22,9427 Erika Park,Dwaynefurt,CA,19150,39.122998,85.964449
Richard Carey,67,921 Timothy Camp Suite 801,Matthewfurt,WY,29828,87.451300,-42.043479
Ricky Mitchell,25,46805 William Brook,New Samueltown,ND,85809,115.340729,7.0116455
Margaret Stephenson,55,015 Debra Radial,Lauraton,RI,44464,118.407464,86.977449
Julia Harris,20,1720 Barnett Shoal Apt. 461,Williamston,AR,46519,-147.296958,47.3972945
Renee Johnson,89,39193 Haynes Expressway,West Jillianside,WV,07576,122.514484,-88.3954095
Nicholas Taylor,30,8118 Andrea Cove Apt. 504,West Karaberg,PA,49178,-108.787388,-59.5651815
Brenda Fernandez,88,774 Scott Knolls Apt. 165,East Juanfort,HI,12519,144.685020,6.324990
Angela Young,48,192 Richard Cliffs,Edwinstad,MI,55796,-32.140991,-84.7214595
Emily Cook,78,91693 Cathy Loaf Apt. 103,Ramirezmouth,DC,50591,-107.442109,79.294284
Debra Baker,55,972 Walls Pine,Mooreport,NH,47573,-136.107463,16.269893
Melissa Cooper,30,5534 Underwood Island,Clarkmouth,NH,62914,-18.046272,-5.468282
James Baker,82,196 Wilson Island,East Kimberly,PA,81881,83.158663,-52.381308
Kristen Young,80,30333 Joel Oval,Lake Alexander,IA,95084,145.761418,1.110565
Denise Mercer,87,042 Jefferson Crest,East Michealland,GA,12108,165.546737,10.526725
Christopher Santos,50,33927 Neal Crescent Apt. 030,Josephton,SD,98598,-67.400604,-54.009375
Tyler Short,75,138 Jerry Glens,Angelaview,ID,06391,-125.925570,75.745440
Elizabeth Lee,50,9615 Jones Club Suite 386,Jenniferfurt,AR,67053,119.528581,14.5802255
Joseph Turner,87,29613 Walters Extensions Suite 446,Port Brandon,MS,67037,-143.082473,14.340261
Michael Mitchell MD,63,75400 Juan Mountains Suite 727,Port Matthew,GU,67355,167.225702,35.557276
Christina Farrell,28,084 Michael Point,Villanuevaton,KS,40799,160.217263,-68.4981805
Christopher Willis,20,852 Grace Loaf Apt. 943,Erictown,CA,32566,40.925200,-53.685700
Abigail Mitchell,57,396 White Brooks Suite 901,Edwardsville,AS,77416,38.437354,57.7336355
Sharon Campbell,69,463 Payne Walk Apt. 263,Carrilloton,KY,17864,32.940764,88.4782315
Sheryl Mclean,37,0437 Jamie Field Apt. 244,North Alexandraburgh,CT,89791,123.197088,-72.7471785
Nicole Bond,86,193 Rhodes Squares,Cooleymouth,NM,48820,28.138035,-8.4480225
Barbara Davis,52,99969 Rebecca Spring Apt. 262,Port Jennifer,FL,58970,-38.082156,16.5217555
Taylor Fisher,28,2701 Matthew Village Suite 307,Harrisstad,LA,01888,161.967155,47.0550165
Beth James,20,534 Christina Corner,North Benjaminville,KS,50514,-156.696333,12.1619105
Zachary Stevens,45,056 Stewart Meadow,North Jimmyborough,AR,02598,66.231784,85.8536855
Juan Rice,25,5090 Barrett Causeway Suite 424,Mitchellbury,CA,38431,-100.012202,-2.705298
John Thomas,20,0296 Kim Pines Suite 715,Lake Thomasfurt,SC,90999,-106.485783,46.5946585
Joshua Hughes,73,564 Robin Mill,West Jenniferborough,LA,24441,-76.526346,-12.2198905
Donald Maynard,59,307 Ronald Mill Apt. 447,Lake Todd,NY,13432,135.281448,13.1709685
Chloe Long,40,92080 Miller Pike,North Lawrenceview,VI,74162,-41.634658,-84.467586
Natalie Bernard,70,4049 Smith Views,Lake Karen,AS,16619,173.593087,-80.207152
Jeremy Hutchinson,44,040 Walker Cliffs,Lake Dylanside,AL,65324,169.177493,19.9976005
Troy Brown,61,49020 Ford Ranch Apt. 128,Rochaborough,OR,55038,-166.003993,21.131918
Daniel Hernandez,43,86442 Cortez Mountains Suite 891,Johnburgh,OH,94155,90.032246,6.3696295
Hector Garcia,48,09298 Mark Inlet,Robinville,AR,46621,-3.357963,63.4650455
Erin Berger,86,96924 Jonathan Expressway Suite 162,Port Danny,WA,13049,-152.269053,-25.7907215
Caitlin Baxter,39,15011 Amber Forge,West Cynthia,KS,20161,-17.365204,-35.6994655
Billy Johnson,29,702 Carrillo Route,East Michelleborough,IN,61035,128.273289,-16.844475
Stephanie Case,37,61244 Norton Fall,Paulshire,OK,79332,-107.394885,8.6327955
John Simpson,38,32378 Scott Throughway Apt. 040,Lisachester,MO,71537,-61.108588,88.2785805
Michelle Miller,37,755 Jennifer Knolls Apt. 389,Stacyburgh,MA,68074,-106.928004,3.7597245
Terry Kramer,90,437 Ortiz Ford Apt. 244,Port Michaelstad,MT,23818,-121.299207,-76.511281
Julia Irwin,90,4547 Karla Ways,Jeffreyland,NM,77977,136.324674,-84.988855
Brian Rodriguez,58,45018 Amber Lakes Apt. 647,Barrettbury,SC,83393,-57.851307,54.232930
Kelly Hardin,61,52705 Lam Key,Jacksonside,RI,87054,-129.980554,24.0828505
Tonya Ramirez,71,7297 Timothy Prairie,Sosaberg,RI,23178,-121.136981,53.480683
Molly Luna,23,77573 Sellers Via,Harrisonburgh,NJ,73987,71.096929,86.582409
Destiny Gray,83,667 Haas Ridges Apt. 887,Klineland,AS,90082,23.866205,67.399960
Christopher Townsend,85,052 Rivera Viaduct,Campbellstad,IN,33026,92.550293,-83.079221
Sean Mitchell,31,46054 Shawn Plains Suite 232,North William,CA,98278,-157.891030,75.7271855
Stephanie Garcia,24,7475 Roger Crest,Darrylberg,AR,52087,-27.905593,-5.417880
Caleb Cisneros,69,8193 Daniel Creek Apt. 974,Williamsshire,WY,88016,-92.723981,41.0629955
Barry Turner,48,618 Gonzalez Center,Stevensonberg,GU,97671,-82.395758,-62.6867275
Shawna Johnson,84,415 Nicole Stream,East Allison,MI,77998,122.988943,-45.2835275
Kelly Perkins,39,4973 Sara Estate Apt. 921,Jonesberg,FM,60763,-30.812137,80.802674
James Reed,25,883 Thomas Forks,Nathanside,VA,08972,-53.417379,1.4126225
Alicia Carney,25,83763 Simmons Curve,South Cesar,MI,72221,-145.870177,26.854786
Raymond King,34,21681 Elizabeth Turnpike,Mayerland,WI,81106,97.483960,-81.803761
Katherine Gomez,81,100 Green Street,Burnsville,DE,73488,-102.044269,36.318316
Matthew Cantrell,74,01210 Christopher Key Apt. 684,Gregorychester,MD,70117,-77.779986,49.1288365
William Washington,57,31420 Deborah Ranch Suite 253,Brandonton,CA,51826,171.951537,31.5647775
Troy Brown,68,381 John Fall,North Wayne,MA,43758,57.509002,-18.146790
Travis Butler,88,201 Jack Springs Apt. 328,Zacharyberg,KY,47634,-121.757064,68.687189
Mr. Ricardo Ortiz,43,520 Jared Squares Suite 572,Paulafort,NV,29884,-148.622820,36.5410445
Patrick Davis,63,384 Elizabeth Mills Suite 143,New Trevor,AZ,82311,-28.359186,-82.6721695
Alyssa Bowman,38,5408 Fernandez Dam Apt. 469,Dennischester,AL,78390,67.876313,43.4726625
Michael Parker,39,0621 Mason Court,Kellyfort,GA,61012,-91.326714,80.6321245
Joseph Saunders,33,90633 Logan Route Apt. 900,Stevenshaven,MI,87484,-177.737521,59.874012
Amber Wilson,28,429 Wilson Haven Suite 874,West Brett,AL,95762,152.461033,11.0359325
Michael Raymond,85,9265 Oconnor Drive,Lake Timothyland,MA,32869,131.944798,37.107081
Adam Horton,53,8118 Samuel Overpass,Port Heatherstad,MS,57500,-140.263576,-37.601404
Sarah Cruz,74,36549 Martin Falls,Brownton,FM,44179,136.531632,12.826819
Lisa Chavez,21,3207 Frances Course,North Emily,UT,04770,4.903155,-34.4781995
Christopher Torres,50,26219 Lambert Overpass,Katiechester,WA,83674,-91.529643,-5.5676015
Peter Miller,65,8796 Armstrong Square Suite 060,Howardshire,PW,57283,4.686720,74.1977235
Todd Ryan,78,35811 Michaela Trail,Loganmouth,MH,49574,-122.741772,-28.080295
Hannah Stewart,50,7320 Justin Roads Apt. 310,New Veronica,NY,51375,132.721166,-30.561473
Amber Martin,84,05426 Brianna Extensions Suite 688,New Eileenshire,MP,49054,161.543518,-54.6236045
Kimberly Kramer,42,256 Jennifer Radial Apt. 813,New Amandaburgh,NJ,81034,-173.139509,-34.562303
Edward Davis,84,7687 Moore Park,East Andrewview,FM,49613,-5.396691,7.407235
James Harrison,77,966 Gray Mission,North Catherine,OR,75276,1.040700,-45.630897
Aaron Carr,21,205 Sutton Knoll Apt. 005,South Bruce,NY,49905,127.095290,-68.982017
Russell Mitchell,43,004 Timothy Isle Apt. 824,Johnburgh,NJ,68494,-25.086210,-32.6398805
John Knight,81,70473 Lewis Road,North Crystalmouth,NC,26042,83.656294,-0.737490
Kenneth Myers,84,876 Stephanie Run,Coleburgh,NV,56844,80.473459,19.866687
Jeffery Clark,45,28755 Reynolds Greens Apt. 465,Garciastad,LA,47353,49.145137,-62.859254
Matthew Scott,57,838 Eaton Stream,Port Jeffrey,GU,10941,-72.724196,52.548458
Brian Reed,59,744 Young Light Apt. 428,Kaiserstad,MA,07894,129.247646,1.412302
Danielle Parker,51,561 Richard Route Suite 014,Williammouth,GA,18772,-55.714657,72.321803
Kristin Chase,80,5571 Ortega Knoll,Martintown,MA,84201,-80.842044,12.264076
Paula Aguilar,21,812 Jacobson Centers,Michelletown,PR,76616,-18.292816,55.2914715
Andrew Rivera,56,49275 Holt Rapids Suite 162,Alanborough,DE,75322,66.591040,-12.8899835
Kimberly Nguyen,65,610 West Landing Suite 361,New Matthewfurt,MH,95954,-11.782048,-70.997903
Sarah Bond,70,432 Jerry Summit,Marthaport,NE,90683,79.143719,-47.1322635
Jessica Howard,67,3537 Chelsea Circles Apt. 177,East Carolyn,PR,67815,143.168405,4.2564275
Ashley Rosales,88,40284 Brian Mall,Cindyport,GA,12684,-61.645408,-79.9421415
Christopher Barrett,65,6164 Teresa Tunnel,East Meganbury,IN,89829,-163.025189,72.042544
Allison Adams,48,895 Brooks Groves Suite 906,South Adrian,MI,07178,-70.527802,-40.682858
Steven Powell,82,5905 Gomez Crest Suite 001,Jacksonmouth,NJ,06737,143.461366,78.046371
Ann Martinez,60,724 Bryan Dale Suite 146,Lake Ricky,MA,70072,-29.726694,35.5092115
Sean Baker,35,6737 Thompson Trafficway Suite 986,Port Jonathanton,OR,00801,-109.114766,-17.503619
Monica Garcia,22,3141 Jennifer Corners Suite 095,Jasonstad,DE,63208,27.003055,46.3516355
Michael Ortega,35,2151 Roger Rapids,Richardfort,UT,64314,33.291880,59.4714765
Sharon Maldonado,67,73479 Mayer Ville Apt. 126,West Taylor,CO,49270,-11.741602,-58.0701775
Robert Garrett,78,9292 Williams Oval,Matthewmouth,MO,30403,-20.068923,-24.7459955
Joseph Townsend,29,36257 Michael Gardens,Lake Timothymouth,AK,52708,-29.756855,-57.6030845
Michael Wolfe,57,5323 Sawyer Groves Suite 094,West Amanda,NV,26326,69.399996,-77.334365
Kimberly Flores,43,83375 Sara Path Suite 160,Jerryburgh,MP,59658,-151.993705,21.4552505
Kristy Robinson,66,8632 Hill Locks Suite 882,South Beckyton,RI,02440,55.597119,77.4501015
Elizabeth Ramos,56,899 Ramirez Well Apt. 097,Christophershire,MO,72450,-136.371215,-83.368916
Kevin Castaneda,31,654 Ryan Avenue,Lake Mauriceland,WI,03821,-179.263928,-19.466429
Sandra Carroll,25,5601 Brenda Ports Apt. 107,Jonathonshire,DC,21831,136.458605,42.598070
James Hanna DDS,42,241 Cody Unions,Jenniferburgh,MH,68215,-179.469748,48.2905925
Maria Davis,62,5759 Smith Harbor,North Samantha,CO,16527,178.971162,40.4289105
Valerie Collins MD,65,0964 Thomas Lakes Apt. 924,Port Rubenstad,SC,32895,-36.916917,-31.676292
Kevin George,39,805 Richard Green,West Ryanside,GU,06037,-146.071888,84.8999305
Nicholas Lopez,66,8633 Watkins Isle,West Angelashire,FL,58518,86.686456,41.215726
Katie Gonzalez,82,224 Andrea Glens Suite 667,Greenhaven,NV,92781,-157.744077,12.7009655
Glen Gilmore,44,53170 Thompson Ramp Apt. 826,Michaelmouth,IL,39822,-173.754284,-20.8969335
Ryan Jennings,75,83698 Robert Court,Ramosmouth,NY,95181,-98.259159,-28.109523
Lucas Jimenez,90,519 Hicks Islands Suite 839,Lake Lisaport,DC,52932,65.576698,15.998798
Eric Bond,32,221 Timothy Cliffs,Judithport,WA,43006,-87.163283,77.951382
Ashley Pruitt,58,4286 Leblanc Tunnel Apt. 938,Birdfort,NC,75494,95.604193,74.323364
Jamie Beck,76,125 Linda Centers Apt. 555,North Crystal,MT,72407,-26.685327,79.9361085
Casey Doyle,89,615 Nicole Turnpike,Port Juan,AR,09294,119.538523,-21.1553395
Brooke Tate,41,1620 Hampton Place,North Johnview,KS,78008,93.323680,37.5391805
Amanda White,18,85992 Farmer Square Apt. 586,Francesborough,GA,24594,-41.534025,19.4835425
Jamie Lewis,81,09981 Wood Stravenue Apt. 535,Watersstad,MS,98645,-4.161288,-45.0902075
Jody Gomez,38,42537 Nicole Unions Suite 530,Luisstad,AK,82693,-172.196607,45.975581
Frederick Jackson,81,18154 James Island Suite 898,Port Michael,NJ,01448,142.793625,-78.782771
David White,69,963 Reginald Vista Suite 114,North Melaniefurt,RI,02238,51.404503,-22.467966
Alicia Ramsey,77,388 Ramsey Ville,Cobbland,CT,82938,-99.878130,39.944686
Angela Jennings,53,392 Haley Stream Suite 458,Romeromouth,IA,77751,-16.930856,-50.3646075
Natalie Webb,44,56897 Barron Wall Suite 008,Beasleyfurt,MP,60822,106.758758,-56.619819
Kimberly Bolton,39,3209 Albert Summit Suite 983,Port Connieberg,DE,72149,25.656476,66.464825
Elizabeth Lewis,85,7674 Taylor Squares,South Michelle,MD,38315,-161.315929,-61.281598
Lisa Smith,84,4101 Valentine Viaduct,West Kennethstad,AR,46598,2.973901,53.7674605
Isabel Walker,57,2304 Jasmine Hollow Apt. 162,Whiteborough,UT,04749,84.525058,-31.657228
Lisa Davis,72,621 Smith Roads,Wilsonview,MI,97872,104.033914,46.5431395
Rachel Rivera,50,41402 Tara Plaza,New Taramouth,SD,34487,94.463450,-20.6745315
Bryan Bryant,21,324 Donna Alley,North Kelly,NV,71919,150.465597,-44.889819
Nicole Taylor,89,757 Benson Cove,Riceborough,LA,47912,-80.927829,64.816248
Deborah Andrade,56,65134 Mendoza Path Apt. 200,Jamieberg,VI,77047,140.385227,68.2347325
Victor Higgins,36,88870 Burke Roads,Emilyfurt,GU,41954,35.066713,20.9314435
Stephen Thompson,63,979 Michelle Squares,Alanberg,NV,66467,-78.974643,50.546020
Scott Hicks,35,8883 Richardson Ports Suite 672,New Joseph,RI,56843,173.808762,-19.8318195
Denise Harvey,86,5137 Olivia Brooks,East Timothychester,RI,77211,84.703405,-74.190094
Rebecca Patterson,28,8334 Nicholas Turnpike,Aaronmouth,UT,86896,28.630831,79.2598355
Rebecca Martin,90,59978 Michael Courts,Bethton,FM,29662,-144.424237,76.6217425
Connie Ho,30,26927 Reid Alley Apt. 734,Debbieborough,PW,70145,83.660243,-71.3223775
Patricia Schroeder,27,87081 Tyler Walks,New Barbara,VT,53197,-130.801173,28.221014
Jade Murphy,52,00146 Rachel Pines,East Laurabury,ND,01719,-137.414202,14.4917215
Stacy Byrd,67,25123 Matthew Crest Suite 646,North Theresa,NJ,01861,-19.557121,-42.458440
Mary Cox,56,67542 Matthews Isle,Kellyborough,KS,56625,162.536579,-23.1097215
Carolyn Henderson,77,3749 Juan Bypass Suite 891,Kimberlychester,MN,35083,-76.412258,-12.487931
Amanda Lewis,50,441 Foster Islands Apt. 607,New Michaelfort,NV,14203,47.067557,-36.564745
Diane Brown,78,414 Kaiser Route Apt. 554,Johnland,AL,14830,-115.059179,-83.360728
Joanna Frazier,53,91360 Fowler Drive Apt. 400,Crawfordburgh,WI,67215,120.737809,-70.4858845
Ethan Morris,48,2150 Christopher Brooks Apt. 181,Davidfort,DE,36480,-102.988816,-15.2156575
Veronica Rodriguez,18,618 Daniel Isle,New Christina,GU,50175,-142.502628,53.260297
Debbie Grimes,26,9607 Emily Forest Apt. 412,East Paulport,AR,34537,149.207516,36.679294
Lauren Ryan,51,90757 Antonio Mission Apt. 495,North Christopherfurt,MA,59622,119.715565,-53.1173665
James Payne,45,07134 Rhodes Gardens Suite 033,Fraziermouth,AZ,35890,-99.567511,88.677020
Brian Smith,90,774 Rodriguez Island Suite 504,Patriciabury,HI,07676,105.868535,47.9904825
Lisa Schmitt,76,091 Jennifer Camp Apt. 353,Biancachester,NC,96807,-74.108575,73.286798
Jacqueline Stevens,79,3402 Patel Estates,Pruittborough,FM,45640,-23.284643,-67.3119365
Kevin Fox,72,26382 Collins Ranch,Rojasview,AK,74321,-86.200772,79.1750785
Jennifer Yates,21,09829 Jackson Brooks,Newtonfurt,SC,15441,-89.255942,75.257783
Jennifer Robinson,59,760 Taylor Cliffs Suite 534,Youngbury,ME,31579,106.779101,63.196012
Timothy Diaz,57,320 Alexis Harbor Suite 663,Ralphland,CA,04119,73.016595,12.559502
Melody Anderson,44,22418 Sosa Inlet,Port Caitlinfort,NY,57293,-0.707913,-88.394995
Anthony Pope,52,15760 Ryan Wall,West Brittany,VI,61458,-0.613107,-32.680079
William Howell,38,56381 Isabella Shore,New Matthewberg,NM,15623,163.031318,-26.5803415
Lorraine Santos,53,9218 Johnson Mountains Suite 232,Julieside,VT,71410,79.058575,51.7225255
Kerry Wood,69,529 Young Spur Suite 189,Port Michaeltown,MO,47781,175.706885,31.8066035
Melinda Rodriguez,29,2706 Keith Brooks Apt. 529,Batesville,MP,92354,147.265875,-37.987636
Benjamin Moore,69,76750 Kimberly Harbors,Port Paulamouth,NH,62697,83.899964,-4.236813
Nicholas Bean,42,96867 Stephanie Grove Apt. 911,Parkerborough,VA,41239,44.810290,-75.167079
Patricia Taylor,45,751 Monica Ferry,Williamsonborough,NC,93405,-177.194195,-62.9532715
Brandon Gonzalez,57,9406 Ashley Prairie,New Michelle,TN,42016,114.595533,5.8520835
Raymond Myers,76,84434 Cardenas Passage Suite 989,West Brianmouth,DC,62632,57.948797,2.3460965
Janet Velez,24,99072 Jennifer Light,West Terry,PW,47527,-112.879234,51.516247
Ashley Hamilton,30,0527 Jonathan Lights,Bethtown,WA,28234,138.646301,70.729155
Stephanie Horn,85,84954 Samuel Bridge,Port Richardborough,AK,63124,161.902219,-46.6510395
Christopher Carrillo,32,2482 Dominguez Turnpike Apt. 486,Jodibury,DC,51352,-95.022109,-56.689973
Maria Higgins,51,1211 Davis Village,Lake Brian,IN,50830,-81.059879,-38.279549
Amanda White,36,260 Barton Pines Apt. 772,Jonathanbury,WA,04355,93.085317,-34.188865
Steven Ford,29,1472 Hendrix Ferry Apt. 120,Annachester,KS,44238,-36.321196,68.8434065
Oscar Bush,42,9111 Dale Shoals,Port Robertchester,RI,50506,-96.738212,-40.255834
Thomas Jackson,89,1411 Cohen Shores Apt. 701,Walkerview,FL,09011,172.536698,-32.4980115
Bianca Mccall,52,65590 Chad Throughway Apt. 314,Jamesside,IA,81608,168.894857,-29.464430
Mrs. Stacy Morrow,46,4798 Tanner Cliffs Suite 219,New Destiny,WV,59476,150.833246,63.137286
Laura Hebert,53,003 Steven Station Suite 058,Staceyfort,PR,29831,69.950187,53.123814
Margaret Mann,35,6158 Willie Knolls,Barrettmouth,OR,42976,-64.630578,20.655073
David Craig,21,59845 Darlene Turnpike,East Brianborough,DC,56159,-17.785164,-34.0871915
Charles Clark,27,551 Wilson Corners Apt. 991,Smithbury,OR,68100,-9.122963,-23.7354535
Thomas Harris,53,957 Douglas Throughway Apt. 646,Nathanborough,OH,49019,56.234457,20.250408
Ralph Blankenship,61,21023 Daniel Bridge,Espinozabury,GU,69032,-60.665956,54.694562
Paula Herrera,49,221 Michael Landing Apt. 882,North Stephanie,KY,41170,73.428418,9.097675
Ian Fitzgerald,89,383 Shirley Alley,Christinehaven,DE,76448,-78.314197,80.3894875
Tyler Herrera,29,0667 Anderson Springs Apt. 117,Melissaberg,NY,67441,-45.840862,-26.3087885
Mark Nguyen,76,5832 Clark Pass Suite 678,Dalehaven,ID,18818,-19.629506,-54.3688155
Kimberly Brown,51,210 Lopez Mill,South Larry,OK,02653,-33.037786,32.1780985
Patricia Lawson,26,7840 Parker Bridge,East Davidfort,CO,56552,72.690183,-62.414449
Carolyn Perez,49,51719 Osborne Gateway,Lake Jeffery,SC,02264,-166.647343,-48.2414815
Jody Walker,33,860 Henry Track,Lake Richard,CA,94159,-133.890799,66.054224
Sara Lewis,85,106 Arthur Union,North Kevin,AZ,94188,75.215455,-34.178014
Johnny Johnston,45,50149 Charles Junctions,South Stephenburgh,ND,89449,56.175893,31.082424
David Gonzalez,66,8602 Julie Orchard Suite 964,Bakerburgh,WA,49293,-91.747646,-4.670001
Brandon Silva,76,065 Emily Union Apt. 177,Lake Kevinstad,IA,20728,-40.381818,-74.8009935
Michael Dickerson,78,76445 Christy Locks Suite 528,Christineport,AS,57759,-57.276472,5.006642
John Charles,75,57659 Justin Path,Gomezfurt,PW,56891,31.059038,-81.3853205
Bradley Foster,71,03185 Cody Walk,New Michael,ID,52232,9.657269,32.479171
Judith Snow,71,1069 Hill Ports Apt. 574,Port Philliphaven,NC,08832,94.676618,-88.1682065
Elizabeth Garcia,19,13478 Davis Ways Apt. 252,New Leslie,WY,92051,57.338591,29.649252
Charles Mcdowell,84,51094 Brown Ways Suite 257,Scottside,AK,36879,-71.244758,71.373007
Cathy Kemp,86,5024 Kent Village,East Victor,IN,90608,-75.760087,70.3539415
Timothy Ware,20,9643 John Roads,Brittanybury,GU,01095,-30.407728,73.660536
Greg Kelly,77,490 Tara Bypass Apt. 109,West Megan,WV,44873,-101.500536,59.1883845
Christina Holt,51,63946 Samantha Pines,South Alyssaville,AL,66179,-43.224559,72.2480305
Ronald Nelson,86,68423 Kimberly Gateway Apt. 817,South Shannon,DC,64617,-29.118550,-50.283515
Jorge Cooper,63,55201 Stephens Point Apt. 313,Yvonneton,DE,39849,123.669106,-67.8335375
Victoria Lee,90,98616 Miller Stravenue Apt. 513,Taylorville,AZ,40991,54.759406,11.2876655
Crystal Sparks,75,9227 Ellis Divide,Nguyenfort,ME,49784,144.022038,72.0012835
Miguel Potts,53,80665 Sanchez Streets Apt. 133,Vickifort,RI,32812,78.713352,18.411434
Alexander Rivera,32,7981 Angel Spurs,Port Karlaville,KS,25354,45.264123,-81.9749305
Michael Mullins,59,7549 Rodriguez Place Suite 471,East Jamesstad,PR,36861,59.567851,76.9188825
Sherry Simpson,30,9789 Rachel Extensions,East Ashley,VI,47505,15.481533,-43.8149335
Emily Nielsen,54,292 Mary Pass Suite 813,South Tyler,VT,93346,32.498410,-14.6942765
Matthew Buck,32,69530 Peterson Overpass Apt. 453,Port Theresafurt,FL,45682,-177.215476,77.0780845
Brian Bailey,74,045 Holly Shore,South Jillmouth,VI,04192,-128.624812,-89.5874715
Angela Brown,50,41222 James Turnpike,West Mary,FL,66331,-142.814932,0.2695505
Natalie Williams,50,56451 Seth Brook Suite 867,Waltersfurt,VA,75515,-100.571133,-72.5692725
Melissa Crawford,20,8960 Kimberly Fork Apt. 483,Port Sarah,HI,91703,-178.391015,-35.038921
Diana Long,51,4244 Meredith Club Apt. 438,West Debra,PW,93986,82.561947,15.0065825
Caitlin Cordova,31,6901 Cassandra Drive,Blackburnport,MN,15089,138.610117,-89.7263195
Michelle Decker,73,7003 Robert Creek,Ryanborough,RI,50482,-96.852774,28.907806
Sara Morris,65,97555 Mark Centers,East Sergiotown,FL,60106,-142.279731,-46.307333
Shannon Fisher,38,78684 Adams Landing Apt. 566,Victoriaburgh,VT,60813,163.705862,-72.8909645
Jason Hardy MD,49,22660 Foley Knolls,Danielborough,OK,19448,-77.899124,-89.562498
Jennifer Mccoy,58,701 Crystal Glen,Lake Andreaside,MN,51631,162.257237,-61.074408
Stacy Bauer,65,269 Bailey Island Suite 321,South Joel,FL,07063,139.575671,-63.0907605
Angie Smith,30,551 Olsen Hill,Harrellmouth,FM,58944,-157.954631,-28.482880
Heather Sanders,65,808 Michael Brooks,Lindaberg,KY,16366,133.931421,71.176224
Brandon Wilson,70,4989 Swanson Row Suite 655,West Tracyshire,MA,27002,-129.625749,-19.217654
James Kirby,72,1344 Christopher Brook Apt. 263,East Justinfort,ND,64388,43.859413,14.2818675
Robert Pitts,54,81524 Oneill Squares Suite 151,East Eddie,PW,94088,-14.773025,-73.5322235
Victoria Morris,62,090 Richard Burg,Cochranland,MP,89500,-129.541181,-45.3430305
Robert Castillo,86,4244 Freeman Pass Suite 016,Jamesborough,PR,27508,95.140462,-2.2967415
William Andrews,33,7825 Brittany Ridges Apt. 807,Coreyview,MN,37440,-104.036454,41.3584625
Katherine Johnson,89,729 Beard Green,South Zachary,VI,39044,-35.548207,-37.679113
Joseph Brown,52,48318 Anthony Hill Suite 868,Singhtown,MH,07831,-18.023368,-37.946801
Connie Brooks,59,965 Roberts River Suite 228,New Jacqueline,UT,19100,82.755543,-21.128077
Sophia Barrett,57,163 Brown Coves,Ramseymouth,IN,35212,-179.898975,8.2734615
Kaitlyn Villa,56,9428 Stephanie Turnpike Apt. 740,West Alicia,NY,97690,-7.223744,4.200681
Blake Stanley,35,1328 Hunter Prairie,Reynoldstown,NJ,67483,121.629572,-35.228675
Sabrina Davis,54,8107 Hopkins Ferry,Elizabethport,AS,18294,-39.257381,54.542516
Shane Davis,28,143 Hailey Mews Apt. 657,South Makaylaberg,NJ,51019,129.644569,-7.2144175
Ashley Fields,80,8063 Reese Plain,Jennifermouth,MD,85123,-152.845493,0.9299645
Jeffrey Garcia,39,8708 Kennedy Path Suite 574,Thomasberg,GU,61623,161.970005,84.6148405
James Jensen,67,89541 Bonnie Plains,East Jesustown,AZ,30665,89.045414,73.378130
Justin Martinez,23,4140 Ramirez Gardens Apt. 643,Port Glenn,MI,79401,-178.710516,83.3887285
Shelby Barrera,22,48637 Hernandez Points Suite 756,Port Normaton,NE,66915,-34.344797,-55.307277
Samantha Le,32,0134 Powell Plains,Lake Dianaville,MN,60069,-156.747787,-51.968099
Anthony Phillips,55,47798 Michelle Shores Apt. 359,Garrettmouth,MD,93139,-112.914610,82.0595115
Andrew Meyer,38,7236 Derek Turnpike Apt. 610,West Davidbury,IA,70839,-63.604838,-3.104499
Samantha Nelson,34,615 Angela Square Apt. 915,Port Laurenborough,IA,23022,102.935039,71.1603975
Kerry Reed,41,308 Jasmine Rue Apt. 956,Tylerstad,OK,52090,-20.049495,85.4387015
Jade Hess,37,722 Alfred Fall Suite 710,South Christopher,NE,60663,-117.430483,81.0090875
Alicia Turner,34,10407 Jacobson Fords Suite 433,Lake Charleshaven,WI,61743,-29.925648,-52.149073
Gary Mckinney,29,255 Kristina Forest Suite 095,Terrenceville,NV,76601,46.556152,83.3434175
Jessica Williams,58,621 Parker Key,North Dianaville,VT,16057,50.463796,-18.161820
Cody Neal,58,3884 Matthew Mountains,Sanchezstad,AL,93953,49.132162,78.725249
Kevin Gibson,51,4205 Shaffer Valley Apt. 154,Gonzalesview,IA,01253,-12.126809,31.0538845
Krista Elliott,62,57681 Cynthia Isle,Hansenchester,IA,96045,-26.869084,-61.0777955
Erika Kelley,67,929 Christina Mountains Suite 928,Rogersstad,IL,72071,134.732357,-32.5662465
Kevin Yates,40,5901 Rachel Haven Apt. 478,New Taraland,MO,07828,-97.103723,-25.020607
Kimberly Ellis,55,0500 Richard Court,Harrisonland,MI,15650,6.665334,-34.791475
Melanie Stevens,50,626 Stone Throughway Suite 889,Lake Courtneyside,IN,87069,-13.958385,-57.790921
Sarah Velazquez,46,46760 Mccoy Turnpike Apt. 248,New Nancy,MT,17076,110.615117,86.237268
Logan Frost,78,42382 Holmes Fort Suite 225,West Jenniferberg,OH,04772,-77.361784,-77.0932175
Allen Carpenter,37,3901 Sanchez Islands,North Jerry,GA,43329,-154.174345,32.5963835
Anne Brennan,53,0561 Rachael Center,Christinebury,MO,50554,-142.111019,52.225889
Tiffany Lane,23,0962 Christopher Mount Suite 340,Lake Diana,NV,48415,15.672146,39.4469305
John Edwards,77,782 Morton Ports Suite 592,Jessicaberg,VI,26484,171.411821,81.274277
Nicholas Reynolds,46,050 Wright Inlet,Brucestad,CO,95222,176.430080,-88.107375
Kimberly Ramirez,74,835 Austin Valley,Williamborough,PA,75428,-147.969118,-0.849945
Michael Dominguez,37,365 Brown Unions Apt. 062,East Gabriella,AS,01626,178.303512,42.5874775
Lisa Chambers,35,422 Adam Mountain,New Anthony,IN,63874,-168.021197,82.0871095
Edward Myers,22,40103 Reed Pike,Cameronland,PW,39037,32.076836,70.014298
Ronald Brown,89,979 Turner Estates Suite 545,North Juan,LA,91222,167.781872,27.4250865
Mary Miles,28,00068 Judy Burgs,West Lukefurt,ID,90969,-74.462894,-20.1431835
Margaret Garcia,55,57408 Lucas Vista,North Donald,GU,84855,-1.033651,-16.5270135
Pamela Mason,49,38952 Sydney Cove,East Michelle,WI,96370,-66.132226,27.9847505
Larry Parker,68,68503 Alexandra Flat Apt. 070,West Lori,MO,42319,-75.348085,8.5482915
Jeffery Lyons,18,631 Kathleen Place,New Thomas,NV,10381,34.359004,-33.271825
Andrew Peters,69,2132 Jason Shoal,Seanmouth,ND,03886,-26.198289,51.713456
Matthew Guzman,43,2506 Kennedy Groves,Darrenfort,SC,11253,-144.613568,-45.307943
Gabrielle Rogers,89,252 Li Alley,South Jasmineburgh,VI,68062,133.998945,45.3330245
Jaclyn Jordan,43,475 William Corners Suite 103,Sullivanmouth,WI,40229,105.004775,-65.231481
Janet Wagner,53,9020 Thomas Causeway,Timborough,MN,39403,17.067455,-76.6860715
Janet Leblanc,81,39587 Jennifer Vista Suite 920,New Justin,MD,98810,-79.237671,-85.861635
Vicki Ball,66,20078 Michael Gateway Suite 147,Josephburgh,MD,08446,150.892863,-8.0055055
Scott Wade,44,8010 Tate Hollow Suite 247,Jasonfort,NV,01854,-10.658749,-43.023224
Erica Duran,65,35793 Wilkins Pines Apt. 629,Lake Scottburgh,SC,32301,-28.541695,-64.1805155
Kevin Gill,26,83791 Ballard Estates,Wilsonberg,NM,89125,-7.728756,87.833197
Erica Wallace,59,11890 Johnson Place Apt. 650,West Seanhaven,IL,35071,-7.871784,-55.533685
Janet Clarke,66,1715 Nicholas Forks Suite 022,Alexandermouth,GU,24726,-69.548106,8.711372
Kristen Raymond,44,341 Jimmy Village,Richardville,ME,06807,-68.854749,7.8913405
Samantha Lopez,79,815 Judy Run Suite 535,Jasonport,WY,48935,57.298824,63.5638515
Christina Dunn,71,45440 Pamela Views,Bradshawbury,WY,76326,83.610047,-31.117627
Carmen Cummings,75,2080 Kenneth Club Apt. 858,Ethanburgh,WI,30961,-63.024569,-4.681717
Curtis Graham,58,78720 Love Knoll,Lake Kelly,GA,24700,51.899545,-14.297452
Samantha Leach,48,55394 William Ford,New Jenniferfurt,VI,86440,-29.569590,-0.7445335
Jose Hernandez,48,254 Charles Green,Davidmouth,MD,36579,0.620206,-0.8460215
Jeffrey Kennedy,22,622 Catherine Mews,Lake Christina,NE,22438,-144.754683,70.877296
William Marshall,71,3118 Davis Unions,North Mary,MO,41672,-4.369838,-8.255268
Kathy Matthews,45,493 Potter Hollow,Steintown,ND,89099,-73.451335,-54.9648985
Sara Campbell,43,080 Matthew Stravenue,Gregoryburgh,NV,93031,-70.986426,-56.464434
Vincent Bailey,30,032 Smith Trace Apt. 551,Evansshire,RI,20483,7.215202,0.2136495
Danny Lindsey,65,124 Miller Well,Port Elizabeth,PA,36315,155.576566,-42.982284
Wendy Heath,20,75153 Phillips Trail Suite 038,East Lisaport,PR,56835,78.971710,32.130487
Manuel Morgan,67,988 Byrd Fall,Nelsonbury,HI,65128,-58.080496,71.2970145
Latoya Jackson,20,40230 Goodwin Route Apt. 212,Matthewton,VT,42839,-116.276476,-29.6283725
Andrew Silva,56,71306 Wright Crest Suite 746,South Stacieburgh,WY,89336,-152.198256,-44.656432
Angela Taylor,27,44877 Turner Valleys,South Lorichester,LA,00795,84.680162,47.909595
Christine White,26,1641 Wong Plains Apt. 988,Elizabethchester,KY,25755,-97.031721,-10.7807405
Sandra Thompson,36,97908 Timothy Harbors,Freemantown,OR,63928,28.128771,22.5146745
Shane Johnson,58,28396 Banks Prairie Suite 011,Lake Brandon,DE,05804,-78.348659,86.5702065
Marisa Woods,30,73391 Alexander Unions,North Michael,UT,20929,-30.983344,-12.1645135
Veronica Ortiz,40,72433 Leonard Motorway,Jessicaport,AS,73882,138.141821,3.0994525
William Ferguson,71,079 Paul River,West Mikeside,OK,04900,12.853290,20.9009005
Jonathan Blankenship,31,95244 Kristen Canyon Apt. 575,Heatherstad,PA,97794,-54.980049,-59.3552125
Amanda Walker,54,4289 Stone Courts Suite 819,Port Annettehaven,OR,93799,79.357200,78.090687
Mark Jensen,37,369 Gerald Plaza Suite 355,Kimberlybury,LA,28186,130.888469,-83.051034
Henry Williams,19,615 Mckee Streets,Jenniferhaven,NM,39075,-16.004652,37.4423795
Jennifer Torres,78,68012 Smith Square Suite 402,Port Dustintown,DE,40109,-99.455174,-85.8860645
Alexander Taylor MD,35,95690 Arnold Haven,South Logan,FL,83945,-78.458238,7.431947
Brad Smith,82,21166 Steven Valley,Darrylborough,AS,71837,-23.509031,17.948663
